dealer_name,address,city,state,zip_code,page
Kendall Toyota of Anchorage,6930 Old Seward Highway,Anchorage,AK,99518,1
Kendall Toyota of Fairbanks,1000 Cadillac Court,Fairbanks,AK,99701,1
Juneau Toyota,8602 Teal Street,Juneau,AK,99801,1
Sand Mountain Toyota,9167 US Highway 431 N,Albertville,AL,35950,1
Sunny King Toyota,2570 U.S. Highway 78 East,Anniston,AL,36207,1
Lynch Toyota of Auburn,170 West Creek Parkway,Auburn,AL,36830,1
Limbaugh Toyota,2200 Avenue T,Birmingham,AL,35218,1
Serra Toyota,1300 Center Point Parkway,Birmingham,AL,35215,1
McKinnon Toyota,235 Price Drive,Clanton,AL,35046,1
Eastern Shore Toyota,29732 Frederick Blvd.,Daphne,AL,36526,1
Serra Toyota of Decatur,309 Beltline Place,Decatur,AL,35603,1
Toyota of Dothan,2285 Ross Clark Circle,Dothan,AL,36301,1
Bondy's Enterprise Toyota,519 Boll Weevil Circle,Enterprise,AL,36330,1
Hoover Toyota,2686 Highway 150,Hoover,AL,35244,1
Bill Penney Toyota,"4808 University Dr., N.W.",Huntsville,AL,35816,1
Bill Penney Toyota of Jasper,3815 Hwy 78 E,Jasper,AL,35501,1
Palmer's Airport Toyota,470 Schillinger Road,Mobile,AL,36695,1
Springhill Toyota,3062 Government Blvd.,Mobile,AL,36606,1
Toyota of Montgomery,911 Eastern Blvd.,Montgomery,AL,36117,1
TeamOne Toyota of Gadsden,927 West Grand Avenue,Rainbow City,AL,35906,1
High Country Toyota,23030 John T. Reid Parkway,Scottsboro,AL,35769,1
Toyota of Sylacauga,39765 Highway 280,Sylacauga,AL,35150,1
Tuscaloosa Toyota,"3325 Skyland Blvd, East",Tuscaloosa,AL,35405,1
Greenway Toyota of the Shoals,5100 Highway 43 South,Tuscumbia,AL,35674,1
Caldwell Toyota,1355 Exchange Avenue,Conway,AR,72032,1
Karl Malone Toyota Chevrolet,1830 West Hillsboro,El Dorado,AR,71730,1
Toyota of Fayetteville,1352 W. Showroom Drive,Fayetteville,AR,72704,1
J. Pauley Toyota,6200 South 36th Street,Fort Smith,AR,72908,2
Magness Toyota,1407 Highway 62-65 412 NO,Harrison,AR,72601,2
Gregg Orr Toyota,4709 Central Avenue,Hot Springs,AR,71913,2
Central Toyota,3305 Stadium Blvd.,Jonesboro,AR,72404,2
Landers Toyota,10825 Colonel Glenn Road,Little Rock,AR,72204,2
Ryburn Toyota,156 Highway 425 South,Monticello,AR,71655,2
Mark McLarty Toyota,4336 Landers Road North,Little Rock,AR,72117,2
Trotter Toyota,3010 Auto Drive,Pine Bluff,AR,71601,2
Landers Toyota NWA,411 South Metro Parkway,Rogers,AR,72758,2
"Phil Wright Toyota, Co.",3200 East Main Street,Russellville,AR,72802,2
Orr Toyota,1745 Janet Drive,Searcy,AR,72143,2
Red River Toyota,1903 Falls Boulevard,Wynne,AR,72396,2
Avondale Toyota,10005 West Papago Frwy.,Avondale,AZ,85323,2
Big Two Toyota of Chandler,1250 S. Gilbert Road,Chandler,AZ,85286,2
Findlay Toyota Flagstaff,5030 East Marketplace Dr,Flagstaff,AZ,86004,2
Anderson Toyota,6510 Showplace Avenue,Lake Havasu City,AZ,86404,2
Berge Toyota,2020 W Riverview Auto Dr,Mesa,AZ,85201,2
Earnhardt Toyota,6136 East Autoloop Avenue,Mesa,AZ,85206,2
Larry H. Miller Toyota Peoria,8633 West Bell Road,Peoria,AZ,85382,2
Bell Road Toyota,2020 West Bell Road,Phoenix,AZ,85023,2
Camelback Toyota,1550 East Camelback Road,Phoenix,AZ,85014,2
Findlay Toyota Prescott,3200 Willow Creek Road,Prescott,AZ,86301,2
Right Toyota,7701 E Frank Lloyd Wright,Scottsdale,AZ,85260,2
Hatch Toyota,1051 North Automall Parkway,Show Low,AZ,85901,2
Sierra Toyota,2596 Fry Boulevard,Sierra Vista,AZ,85635,2
Toyota of Surprise,13543 N. Auto Show Avenue,Surprise,AZ,85388,2
AutoNation Toyota Tempe,7970 South Autoplex Loop,Tempe,AZ,85284,2
Desert Toyota of Tucson,7150 East 22nd Street,Tucson,AZ,85710,2
Precision Toyota of Tucson,700 West Wetmore Road,Tucson,AZ,85705,3
Alexander Toyota,889 E. 32nd Street,Yuma,AZ,85365,3
Wondries Toyota,1439 West Main Street,Alhambra,CA,91801,3
Toyota of Anaheim,1331 N. Euclid Street,Anaheim,CA,92801,3
Antioch Toyota,1817 Auto Center Drive,Antioch,CA,94509,3
Auburn Toyota,800 Nevada Street,Auburn,CA,95603,3
Bill Wright Toyota,5100 Gasoline Alley Drive,Bakersfield,CA,93313,3
North Bakersfield Toyota,19651 Industry Prkwy Dr.,Bakersfield,CA,93308,3
Mojave Toyota of Barstow,631 W Main St,Barstow,CA,92311,3
Toyota of Berkeley,2400 Shattuck Avenue,Berkeley,CA,94704,3
Perry Motors Toyota,310 South Main St,Bishop,CA,93514,3
AutoNation Toyota Buena Park,6400 Beach Blvd.,Buena Park,CA,90621,3
Putnam Toyota,50 California Drive,Burlingame,CA,94010,3
Santa Cruz Toyota,4200 Auto Plaza Drive,Capitola,CA,95010,3
Toyota Carlsbad,5424 Paseo Del Norte,Carlsbad,CA,92008,3
Fletcher Jones Toyota of Carson,1333 E 223rd Street,Carson,CA,90745,3
Toyota of The Desert,68105 Kyle Road,Cathedral City,CA,92234,3
AutoNation Toyota Cerritos,18700 Studebaker Road,Cerritos,CA,90703,3
Chuck Patterson Toyota Dodge,200 East Avenue,Chico,CA,95926,3
Toyota Chula Vista,650 Main Street,Chula Vista,CA,91911,3
Puente Hills Toyota,17070 Gale Avenue,City Of Industry,CA,91748,3
Claremont Toyota,601 Auto Center Drive,Claremont,CA,91711,3
Toyota of Clovis,895 West Shaw Avenue,Clovis,CA,93612,3
Concord Toyota,1090 Concord Avenue,Concord,CA,94520,3
Larry H. Miller Toyota Corona,1700 West 6th Street,Corona,CA,92882,3
South Coast Toyota,1966 Harbor Blvd.,Costa Mesa,CA,92627,3
Culver City Toyota,9077 Washington Blvd.,Culver City,CA,90232,3
City Toyota,255 San Pedro Road,Daly City,CA,94014,3
Hanlees Toyota,4202 Chiles Road,Davis,CA,95616,4
Penske Toyota,9136 E. Firestone Blvd,Downey,CA,90241,4
Dublin Toyota,4321 Toyota Drive,Dublin,CA,94568,4
Toyota of El Cajon,965 Arnele Avenue,El Cajon,CA,92020,4
Longo Toyota,3534 North Peck Road,El Monte,CA,91731,4
Elk Grove Toyota,9640 W. Stockton Blvd.,Elk Grove,CA,95757,4
Toyota of Escondido,231 Lincoln Parkway,Escondido,CA,92026,4
Mid City Toyota,4800 N. Highway 101,Eureka,CA,95501,4
Hanlees Fairfield Toyota,2575 Auto Mall Parkway,Fairfield,CA,94533,4
Folsom Lake Toyota,12747 Folsom Blvd.,Folsom,CA,95630,4
Fremont Toyota,5851 Cushing Parkway,Fremont,CA,94538,4
Blackstone Toyota of Fresno,50 W. Bullard Avenue,Fresno,CA,93704,4
Toyota Place,9670 Trask Avenue,Garden Grove,CA,92844,4
South Bay Toyota,18416 S. Western Avenue,Gardena,CA,90248,4
Freeway Toyota of Gilroy,6800 Automall Parkway,Gilroy,CA,95020,4
Toyota of Glendale,1260 South Brand Blvd.,Glendale,CA,91204,4
Toyota of Glendora,1949 Auto Centre Drive,Glendora,CA,91740,4
Toyota of Santa Barbara,5611 Hollister Avenue,Goleta,CA,93117,4
Freeway Toyota of Hanford,1835 Glendale Avenue,Hanford,CA,93230,4
AutoNation Toyota Hayward,24773 Mission Blvd.,Hayward,CA,94544,4
Gosch Toyota,350 Carriage Circle,Hemet,CA,92545,4
Toyota of Huntington Beach,18881 Beach Blvd.,Huntington Beach,CA,92648,4
United Toyota,2351 Highway 86,Imperial,CA,92251,4
I-10 Toyota,78-980 Varner Road,Indio,CA,92203,4
AutoNation Toyota Irvine,9101 Research Drive,Irvine,CA,92618,4
Bob Smith Toyota,3333 Foothill Blvd.,La Crescenta,CA,91214,4
Toyota of Lancaster,43301 12th Street West,Lancaster,CA,93534,4
Larry H. Miller Toyota Lemon Grove,6800 Federal Boulevard,Lemon Grove,CA,91945,4
Livermore Toyota,6200 Northfront Road,Livermore,CA,94551,5
Lodi Toyota,1020 S. Beckman Road,Lodi,CA,95240,5
Toyota of Lompoc,203 East Ocean Avenue,Lompoc,CA,93436,5
Cabe Toyota Long Beach,2849 Long Beach Blvd.,Long Beach,CA,90806,5
West Coast Toyota of Long Beach,3399 E. Willow Street,Long Beach,CA,90806,5
Toyota of Downtown LA,1901 S. Figueroa Street,Los Angeles,CA,90007,5
Toyota of Hollywood,6000 Hollywood Blvd.,Los Angeles,CA,90028,5
Madera Toyota,1300 Country Club Drive,Madera,CA,93638,5
Manhattan Beach Toyota,1500 N. Sepulveda Blvd,Manhattan Beach,CA,90266,5
Marina Del Rey Toyota,4636 Lincoln Boulevard,Marina Del Rey,CA,90292,5
Merced Toyota,1400 Auto Center Drive,Merced,CA,95340,5
Envision Toyota of Milpitas,950 Thompson Street,Milpitas,CA,95035,5
Hamer Toyota,11041 Sepulveda Blvd,Mission Hills,CA,91345,5
Modesto Toyota,4513 McHenry Avenue,Modesto,CA,95356,5
Moss Bros. Toyota,12630 Motor Way,Moreno Valley,CA,92555,5
Jimmy Vasser Toyota,466 Soscol Avenue,Napa,CA,94559,5
Dalton Toyota National City,2400 National City Blvd,National City,CA,91950,5
Toyota of North Hollywood,4606 Lankershim Boulevard North,Hollywood,CA,91602,5
Northridge Toyota,19550 Nordhoff Street,Northridge,CA,91324,5
Envision Toyota of Norwalk,11404 E Imperial Highway,Norwalk,CA,90650,5
Novato Toyota,115 Vintage Way,Novato,CA,94945,5
Downtown Toyota of Oakland,4145 Broadway Street,Oakland,CA,94611,5
One Toyota of Oakland,8181 Oakport Street,Oakland,CA,94621,5
Crown Toyota,1201 Kettering Drive,Ontario,CA,91761,5
Toyota of Orange,1400 N Tustin,Orange,CA,92867,5
Oroville Toyota,1250 Oro Dam Boulevard,Oroville,CA,95965,5
DCH Toyota of Oxnard,1631 Auto Center Drive,Oxnard,CA,93030,5
Magnussen's Toyota of Palo Alto,690 San Antonio Road,Palo Alto,CA,94306,5
Toyota of Pasadena,3600 E. Foothill Blvd.,Pasadena,CA,91107,6
Hansel Toyota,1125 Auto Center Drive,Petaluma,CA,94952,6
Thompson's Toyota of Placerville,140 Forni Road,Placerville,CA,95667,6
Toyota of Poway,13631 Poway Road,Poway,CA,92064,6
Santa Margarita Toyota,22722 Avenida Empresa,Rancho Santa Margarita,CA,92688,6
Lithia Toyota of Redding,250 E. Cypress Avenue,Redding,CA,96002,6
Toyota of Redlands,921 New York Street,Redlands,CA,92373,6
Toyota 101,386 Convention Way,Redwood City,CA,94063,6
Hanlees Hilltop Toyota,3233 Auto Plaza,Richmond,CA,94806,6
Toyota of Ridgecrest,321 N China Lake Blvd,Ridgecrest,CA,93555,6
Toyota of Riverside,7870 Indiana Avenue,Riverside,CA,92504,6
Roseville Toyota,700 Automall Drive,Roseville,CA,95661,6
Maita's Toyota of Sacramento,2500 Auburn Blvd.,Sacramento,CA,95821,6
Toyota Salinas,700 Auto Center Circle,Salinas,CA,93907,6
Toyota of San Bernardino,650 Auto Center Drive,San Bernardino,CA,92408,6
Victory Toyota of San Bruno,222 E. San Bruno Avenue,San Bruno,CA,94066,6
Kearny Mesa Toyota,4910 Kearny Mesa Road,San Diego,CA,92111,6
Mossy Toyota,4555 Mission Bay Drive,San Diego,CA,92109,6
Norm Reeves Toyota San Diego,5910 Mission Gorge Road,San Diego,CA,92120,6
San Francisco Toyota,3800 Geary Blvd,San Francisco,CA,94118,6
Capitol Toyota,775 Capitol Exprsway Auto Mall,San Jose,CA,95136,6
Stevens Creek Toyota,4202 Stevens Creek Blvd.,San Jose,CA,95129,6
Capistrano Valley Toyota,33375 Camino Capistrano,San Juan Capistrano,CA,92675,6
Toyota San Luis Obispo,12350 Los Osos Valley Rd.,San Luis Obispo,CA,93405,6
Toyota Marin,445 Francisco Boulevard East,San Rafael,CA,94901,6
Toyota of Santa Maria,1643 S. Bradley Road,Santa Maria,CA,93454,6
Toyota Santa Monica,1230 Santa Monica Blvd.,Santa Monica,CA,90404,6
Freeman Toyota,2875 Corby Avenue,Santa Rosa,CA,95407,6
Victory Toyota,5 Heitzinger Plaza,Seaside,CA,93955,7
Toyota of Selma,3480 Floral Avenue,Selma,CA,93662,7
Simi Valley Toyota,2380 First Street,Simi Valley,CA,93065,7
Jim Bagan Toyota,1855 Lake Tahoe Boulevard South,Lake Tahoe,CA,96150,7
Toyota Town,2150 East Hammer Lane,Stockton,CA,95210,7
Toyota Sunnyvale,898 W. El Camino Real,Sunnyvale,CA,94087,7
Temecula Valley Toyota,26631 Ynez Road,Temecula,CA,92591,7
Thousand Oaks Toyota,2401 E. Thousand Oaks Blvd.,Thousand Oaks,CA,91362,7
DCH Toyota of Torrance,2909 Pacific Coast Hwy,Torrance,CA,90505,7
Tracy Toyota,2895 North Naglee Road,Tracy,CA,95304,7
Tustin Toyota,36 Auto Center Drive,Tustin,CA,92782,7
Thurston Toyota,2800 North State Street,Ukiah,CA,95482,7
Ammaar's Toyota Vacaville,500 Orange Drive,Vacaville,CA,95687,7
Frontier Toyota,23621 Creekside Road,Valencia,CA,91355,7
Toyota of Vallejo,201 Auto Mall Parkway,Vallejo,CA,94591,7
Keyes Toyota,5855 Van Nuys Blvd,Van Nuys,CA,91401,7
Ventura Toyota,6360 Auto Center Drive,Ventura,CA,93003,7
Valley Hi Toyota,14612 Valley Center Drive,Victorville,CA,92395,7
Visalia Toyota,922 S. Ben Maddox Way,Visalia,CA,93292,7
Toyota Walnut Creek,2100 North Broadway,Walnut Creek,CA,94596,7
Envision Toyota of West Covina,1800 E Garvey Avenue West,Covina,CA,91791,7
Beach Cities Toyota Westminster,15300 Beach Boulevard,Westminster,CA,92683,7
Toyota of Whittier,14577 East Whittier Blvd.,Whittier,CA,90605,7
Future Toyota of Yuba City,955 Harter Parkway,Yuba City,CA,95993,7
Stevinson Toyota East,444 South Havana Street,Aurora,CO,80012,7
Corwin Toyota Boulder,2465 48th Court,Boulder,CO,80301,7
AutoNation Toyota Arapahoe,10531 East Arapahoe Road,Centennial,CO,80112,7
Corwin Toyota Colorado Springs,5115 New Car Drive,Colorado Springs,CO,80923,7
Toyota of Colorado Springs,15 East Motor Way,Colorado Springs,CO,80905,8
"Hellman Toyota, Inc.",750 E. Highway 92,Delta,CO,81416,8
Mountain States Toyota,201 West 70th Avenue,Denver,CO,80221,8
Durango Toyota,1200 Carbon Junction,Durango,CO,81301,8
Groove Toyota,5460 South Broadway,Englewood,CO,80113,8
McDonald Toyota of Fort Morgan,1209 Main Street,Fort Morgan,CO,80701,8
"Stapp Interstate Toyota, Inc.",8019 Raspberry Way,Frederick,CO,80504,8
"Pedersen Toyota, Ltd.",4455 South College Avenue,Ft Collins,CO,80525,8
Bighorn Toyota,130 Center Drive,Glenwood Springs,CO,81601,8
Western Slope Toyota,2264 Highway 6 and 50,Grand Junction,CO,81505,8
McDonald Toyota,4732 West 26th Street,Greeley,CO,80634,8
Stevinson Toyota West,780 Denver W Colorado Mills Bl,Lakewood,CO,80401,8
"Turner Toyota, Inc.",2262 East Main Street,Montrose,CO,81401,8
Pueblo Toyota,2220 US Highway 50 West,Pueblo,CO,81008,8
Phil Long Toyota,105 E. Cedar Street,Trinidad,CO,81082,8
Stephen Toyota,1069 Farmington Ave,Bristol,CT,06010,8
Toyota of Colchester,100 Old Hartford Road,Colchester,CT,06415,8
Toyota of Greenwich,"75 E. Putnam Ave, Box 402",Cos Cob,CT,06807,8
Greentree Toyota,87 Federal Road,Danbury,CT,06810,8
"Gale Toyota, Inc.",50 Palomba Drive,Enfield,CT,06082,8
Hartford Toyota,135 West Service Road,Hartford,CT,06120,8
Dowling Toyota of Litchfield,451 Bantam Road,Litchfield,CT,06759,8
Lynch Toyota,179 Tolland Turnpike,Manchester,CT,06040,8
Middletown Toyota,634 Newfield Street,Middletown,CT,06457,8
Colonial Toyota,470 Boston Post Road,Milford,CT,06460,8
A-1 Toyota,50 Amity Road,New Haven,CT,06515,8
Girard Toyota-BMW,543 Colman Street,New London,CT,06320,8
Charles Toyota,500 West Thames Street,Norwich,CT,06360,8
Toyota of Stamford,909 East Main Street,Stamford,CT,06902,9
Torrington Toyota,1472 East Main Street,Torrington,CT,06790,9
WOW Toyota of Wallingford,859-861 No. Colony Road,Wallingford,CT,06492,9
Crabtree Toyota,832 Straits Turnpike,Watertown,CT,06795,9
Hoffman Toyota,"36 Albany Turnpike, Rt 44 West",Simsbury,CT,06092,9
Westbrook Toyota,80 Flat Rock Place,Westbrook,CT,06498,9
New Country Toyota of Westport,777 Post Road East,Westport,CT,06880,9
C F Schwartz Toyota,1536 N. Dupont Highway,Dover,DE,19901,9
Hertrich Toyota,1367 Bay Road,Milford,DE,19963,9
Price Toyota,168 N. Dupont Highway,New Castle,DE,19720,9
Newark Toyotaworld,230 E. Cleveland Avenue,Newark,DE,19711,9
Gettel Toyota of Bradenton,6323 14th Street West,Bradenton,FL,34207,9
Gettel Toyota of Lakewood,5959 East State Road 64,Bradenton,FL,34208,9
Clearwater Toyota,21799 U.S. Highway 19 North,Clearwater,FL,33765,9
Toyota of Clermont,16851 Highway 50,Clermont,FL,34711,9
Mike Erdman Toyota,4650 Highway 520,Cocoa,FL,32926,9
Al Hendrickson Toyota,5201 West Sample Road,Coconut Creek,FL,33073,9
AutoNation Toyota Weston,4050 Weston Road,Davie,FL,33331,9
Daytona Toyota,451 North Nova Road,Daytona Beach,FL,32114,9
Toyota of Deerfield Beach,1441 S. Federal Hwy.,Deerfield Beach,FL,33441,9
Parks Toyota of Deland,1701 S. Woodland Blvd,Deland,FL,32720,9
Ed Morse Delray Toyota,2800 South Federal Highway,Delray Beach,FL,33483,9
Doral Toyota,9775 North West 12th Str,Doral,FL,33172,9
Toyota of Fort Walton Beach,777 Beal Parkway N,Ft Walton Beach,FL,32547,9
Lipton Toyota,1700 W. Oakland Park Blvd,Ft. Lauderdale,FL,33311,9
AutoNation Toyota Fort Myers,2555 Colonial Blvd.,Ft. Myers,FL,33907,9
Bev Smith Toyota,3350 South US Highway 1,Ft. Pierce,FL,34982,9
Gatorland Toyota,2985 North Main Street,Gainesville,FL,32609,9
Miracle Toyota,37048 Highway 27,Haines City,FL,33844,10
Headquarter Toyota,5895 N.W. 167th Street,Hialeah,FL,33015,10
Sun Toyota,3001 U.S. Highway 19,Holiday,FL,34691,10
Toyota of Hollywood,1841 North State Road 7,Hollywood,FL,33021,10
South Dade Toyota,29330 S. Dixie Highway,Homestead,FL,33033,10
Village Cadillac-Toyota,2431 Suncoast Blvd.,Homosassa,FL,34448,10
Arlington Toyota,10939 Atlantic Blvd.,Jacksonville,FL,32225,10
Butler Toyota Jacksonville,1290 Cassat Avenue,Jacksonville,FL,32205,10
Coggin Toyota at the Avenues,11340 Phillips Highway,Jacksonville,FL,32256,10
Keith Pierson Toyota,6501 Youngerman Circle,Jacksonville,FL,32244,10
Key West Toyota,1618 N. Roosevelt Blvd,Key West,FL,33040,10
I-75 Toyota of Lake City,1232 West US Highway 90,Lake City,FL,32055,10
Earl Stewart Toyota of North Palm,1215 N. Federal Highway,Lake Park,FL,33403,10
Lakeland Toyota,2925 Mall Hill Drive,Lakeland,FL,33810,10
Phillips Toyota,8629 U.S. Highway 441,Leesburg,FL,34788,10
Marianna Toyota,2961 Pennsylvania Avenue,Marianna,FL,32448,10
Toyota of Melbourne,24 North Harbor City Blvd,Melbourne,FL,32935,10
Kendall Toyota,10943 S. Dixie Highway,Miami,FL,33156,10
Toyota of North Miami,16600 NW 2nd Avenue,Miami,FL,33169,10
West Kendall Toyota,13800 SW 137th Avenue,Miami,FL,33186,10
Germain Toyota of Naples,13315 Tamiami Trail North,Naples,FL,34110,10
DeLuca Toyota,"1719 S.W. College Rd,Hwy 200 W",Ocala,FL,34471,10
Central Florida Toyota,11020 S Orange Blossom Tr,Orlando,FL,32837,10
Toyota of Orlando,3575 Vineland Road,Orlando,FL,32811,10
Panama City Toyota,959 West 15th Street,Panama City,FL,32401,10
Bob Tyler Toyota,7201 N. Pensacola Blvd.,Pensacola,FL,32505,10
AutoNation Toyota Pinellas Park,8501 U.S. Hwy 19 North,Pinellas Park,FL,33781,10
Gettel Toyota of Charlotte County,1801 Tamiami Trail,Punta Gorda,FL,33950,11
Southern 441 Toyota,9205 Southern Blvd,Royal Palm Beach,FL,33411,11
Seminole Toyota,1160 Rinehart Road,Sanford,FL,32771,11
Sarasota Toyota,7435 South Tamiami Trail,Sarasota,FL,34231,11
Sebring Toyota,404 U.S. Highway 27 North,Sebring,FL,33870,11
Beaver Toyota of St. Augustine,2995 U.S. Highway 1 South,St. Augustine,FL,32086,11
Treasure Coast Toyota of Stuart,5101 S.E. Federal Highway,Stuart,FL,34997,11
Peter Boulware Toyota,3800 West Tennessee Street,Tallahassee,FL,32304,11
Courtesy Toyota,9210 Adamo Drive,Tampa,FL,33619,11
Gettel Stadium Toyota,5088 North Dale Mabry Highway,Tampa,FL,33614,11
Toyota of Tampa Bay,1101 East Fletcher Avenue,Tampa,FL,33612,11
Venice Toyota,"900 U.S. 41 By-Pass, South",Venice,FL,34285,11
Toyota of Vero Beach,1075 South US Highway 1,Vero Beach,FL,32962,11
Wesley Chapel Toyota,5300 Eagleston Blvd,Wesley Chapel,FL,33544,11
Palm Beach Toyota,200 S. Congress Avenue West,Palm Beach,FL,33406,11
AutoNation Toyota Winter Park,225 North Semoran Blvd.,Winter Park,FL,32792,11
Hutchinson Toyota of Albany,2865 Ledo Road,Albany,GA,31707,11
Heyward Allen Toyota,2910 Atlanta Highway,Athens,GA,30606,11
Rick Hendrick Toyota Sandy Springs,6475 Roswell Road NE,Atlanta,GA,30328,11
World Toyota,5800 Peachtree Industrial Blvd,Atlanta,GA,30341,11
Milton Ruben Toyota of Augusta,3514 Washington Road,Augusta,GA,30907,11
I-95 Toyota of Brunswick,1000 Millenium Blvd.,Brunswick,GA,31525,11
AutoNation Toyota Mall of Georgia,3505 Buford Drive,Buford,GA,30519,11
Cherokee County Toyota,301 Liberty Blvd.,Canton,GA,30114,11
Rivertown Toyota,1661 Whittlesey Road,Columbus,GA,31904,11
Beaver Toyota of Cumming,1875 Buford Highway,Cumming,GA,30041,11
North Georgia Toyota,1510 East Walnut Avenue,Dalton,GA,30721,11
Pitts Toyota,210 North Jefferson Street,Dublin,GA,31021,11
Atlanta Toyota,2345 Pleasant Hill Road,Duluth,GA,30096,12
Milton Martin Toyota,3150 Milton Martin Toyota Way,Gainesville,GA,30507,12
Cobb County Toyota,2111 Barrett Lakes Blvd.,Kennesaw,GA,30144,12
LaGrange Toyota,1221 Lafayette Parkway,LaGrange,GA,30241,12
Stone Mountain Toyota,4220 Stone Mountain Highway,Lilburn,GA,30047,12
AutoNation Toyota Thornton Road,1000 Blairs Bridge Road,Lithia Springs,GA,30122,12
Nalley Toyota Stonecrest,7969 Mall Parkway,Lithonia,GA,30038,12
Butler Toyota,4580 Riverside Drive,Macon,GA,31210,12
Marietta Toyota,750 Cobb Parkway South,Marietta,GA,30060,12
Jim Ellis Toyota of McDonough,144 Highway 81 West,McDonough,GA,30253,12
Five Star Toyota of Milledgeville,2816 North Columbia Street,Milledgeville,GA,31061,12
Toyota South Atlanta,6865 Jonesboro Road,Morrow,GA,30260,12
Toyota of Newnan,2 Herring Road,Newnan,GA,30265,12
"Riverside Toyota, Inc.",131 Highway 411 East,Rome,GA,30161,12
Nalley Toyota of Roswell,11130 Alpharetta Highway,Roswell,GA,30076,12
Chatham Parkway Toyota,7 Park of Commerce Way,Savannah,GA,31405,12
Savannah Toyota,11101 Abercorn Extension,Savannah,GA,31419,12
Franklin Toyota,500 Commerce Drive,Statesboro,GA,30458,12
Thomasville Toyota,14724 U.S. Hwy. 19 South,Thomasville,GA,31757,12
Prince Toyota,"2013 U.S. Highway 82, West",Tifton,GA,31793,12
Nalley Toyota Union City,4115 Jonesboro Road,Union City,GA,30291,12
Valdosta Toyota,2980 James Circle,Valdosta,GA,31601,12
Lowe Toyota of Warner Robins,375 S. Houston Lake Road,Warner Robins,GA,31088,12
Walker-Jones Toyota,2714 Memorial Drive,Waycross,GA,31503,12
Wilson Toyota,2212 South Duff,Ames,IA,50010,12
Motor Inn Toyota of Carroll,1526 Le Clark Road,Carroll,IA,51401,12
Dan Deery Toyota,7404 University Avenue,Cedar Falls,IA,50613,12
Billion Toyota of Clinton,2435 Lincolnway,Clinton,IA,52732,12
Smart Toyota of Quad Cities,1501 E. 53rd Street,Davenport,IA,52807,13
Anderson-Weber Toyota,3450 Center Grove Drive,Dubuque,IA,52003,13
"Fort Dodge Ford, Lincoln, Toyota",2723 5th Avenue South,Fort Dodge,IA,50501,13
Toyota of Des Moines,1650 SE 37th Street,Grimes,IA,50111,13
"Cedar Rapids Toyota, Inc.",1190 Boyson Road,Hiawatha,IA,52233,13
McGrath Toyota of Iowa City,1445 Highway 1 West,Iowa City,IA,52246,13
Hosmer Toyota,3851 Fourth Street SW,Mason City,IA,50401,13
Toyota of Muscatine,3000 Highway 38 North,Muscatine,IA,52761,13
Gregg Young Toyota Ottumwa,2839 North Court Street,Ottumwa,IA,52501,13
Rick Collins Toyota,3131 Singing Hills Blvd.,Sioux City,IA,51106,13
Okoboji Toyota,2720 17th Street,Spirit Lake,IA,51360,13
Deery Brothers Toyota,200 South Gear Avenue West,Burlington,IA,52655,13
Peterson Toyota,9101 West Fairview Avenue,Boise,ID,83704,13
Parker Toyota,470 West Kathleen Avenue,Coeur d'Alene,ID,83815,13
Teton Toyota,2252 West Sunnyside Road,Idaho Falls,ID,83402,13
Rogers Toyota,2203 16th Avenue,Lewiston,ID,83501,13
Edmark Toyota,15933 Idaho Center Blvd,Nampa,ID,83687,13
Phil Meador Toyota,1855 Flandro Drive,Pocatello,ID,83202,13
Stone's Town and Country Toyota,615 S. Yellowstone Highway,Rexburg,ID,83440,13
Wills Toyota,318 Shoshone Street West,Twin Falls,ID,83301,13
Mungenast Alton Toyota,850 Homer Adams Parkway,Alton,IL,62002,13
Sam Leman Toyota Bloomington,1615 Morrissey Drive,Bloomington,IL,61704,13
Toyota of Bourbonnais,555 Latham Drive,Bourbonnais,IL,60914,13
Advantage Toyota of River Oaks,1970 River Oaks Drive,Calumet City,IL,60409,13
Chicago Northside Toyota,6042 N. Western Avenue,Chicago,IL,60659,13
Toyota of Lincoln Park,1561 North Fremont Street,Chicago,IL,60642,13
Toyota On Western,6941 South Western Ave,Chicago,IL,60636,13
Victory Toyota of Midtown,3255 North Cicero Avenue,Chicago,IL,60641,13
Pauly Toyota,1035 S. Route 31,Crystal Lake,IL,60014,14
Crown Toyota,255 W. Pershing Road,Decatur,IL,62526,14
Toyota of DeKalb,1890 Sycamore Road,DeKalb,IL,60115,14
Ken Nelson Toyota,1050 N. Galena Avenue,Dixon,IL,61021,14
Dan Hecht Chevrolet/Toyota,2400 South Banker Street,Effingham,IL,62401,14
McGrath Elmhurst Toyota,440 West Lake Street,Elmhurst,IL,60126,14
Toyota of Fox Lake,75 South Route 12,Fox Lake,IL,60020,14
Kunes Toyota of Galesburg,2763 N. Seminary Street,Galesburg,IL,61401,14
Continental Toyota,6701 S. La Grange Road,Hodgkins,IL,60525,14
AutoNation Toyota Libertyville,1180 South Milwaukee Ave.,Libertyville,IL,60048,14
Toyota of Lincolnwood,7225 N. Cicero Avenue,Lincolnwood,IL,60712,14
Lombard Toyota,725 West Roosevelt Road,Lombard,IL,60148,14
Anderson Toyota,4100 N. Perryville Road,Loves Park,IL,61111,14
Woodrum Toyota of Macomb,3100 East Jackson,Macomb,IL,61455,14
Marion Toyota,3300 W. Deyoung St.,Marion,IL,62959,14
Gerald Toyota of Matteson,5540 Auto Court,Matteson,IL,60443,14
K.C. Summers Toyota,117 South 19th Street,Mattoon,IL,61938,14
Hiland Toyota,5500 45th Avenue Drive,Moline,IL,61265,14
Monken Toyota of Mt. Vernon,100 South 45th Street,Mt Vernon,IL,62864,14
Toyota of Naperville,1488 West Ogden Avenue,Naperville,IL,60540,14
Fort's Toyota of Pekin,120 Radio City Drive North,Pekin,IL,61554,14
Toyota on Edens,1530 Frontage Road,Northbrook,IL,60062,14
Oak Lawn Toyota,4320 West 95th Street,Oak Lawn,IL,60453,14
Newbold Toyota,1282 Central Park Drive,O'Fallon,IL,62269,14
Bill Walsh Toyota,4000 N. Columbus Street,Ottawa,IL,61350,14
Arlington Toyota,2095 N. Rand Road,Palatine,IL,60074,14
Bredemann Toyota,1301 W. Dempster Street,Park Ridge,IL,60068,14
Peoria Toyota,7401 North Allen Road,Peoria,IL,61614,14
Shottenkirk Toyota,5333 Broadway,Quincy,IL,62301,15
Romeoville Toyota,684 S. Weber Road,Romeoville,IL,60446,15
Schaumburg Toyota,875 West Golf Road,Schaumburg,IL,60194,15
Green Toyota,3901 Wabash Avenue,Springfield,IL,62711,15
St. Charles Toyota,2651 E. Main Street,St. Charles,IL,60174,15
Elgin Toyota,1600 W. Lake Street,Streamwood,IL,60107,15
Toyota of Danville,2106 Georgetown Road,Tilton,IL,61833,15
Orland Toyota,8485 West 159th St,Tinley Park,IL,60487,15
Napleton's Toyota of Urbana,1101 Napleton Way,Urbana,IL,61802,15
Classic Toyota,515 N. Green Bay Road,Waukegan,IL,60085,15
Oakbrook Toyota in Westmont,550 East Ogden Avenue,Westmont,IL,60559,15
Andy Mohr Toyota,8941 E. U.S. Hwy. 36,Avon,IN,46123,15
Royal South Toyota,3115 S. Walnut Street,Bloomington,IN,47401,15
Bosak Toyota of Chesterton,244 Melton Road,Burns Harbor,IN,46304,15
Jeff Wyler Toyota of Clarksville,808 E. Lewis & Clark Parkway,Clarksville,IN,47129,15
Heart City Toyota,711 N. Nappanee Street,Elkhart,IN,46514,15
Kenny Kent Toyota,5600 East Division Street,Evansville,IN,47715,15
Evans Toyota,515 West Coliseum Blvd,Fort Wayne,IN,46808,15
Fort Wayne Toyota,5900 Illinois Road,Fort Wayne,IN,46804,15
Beck Toyota,8055 U.S. 31 South,Indianapolis,IN,46227,15
Bill Estes Toyota,3232 Harper Road,Indianapolis,IN,46240,15
O'Brien Toyota,2550 N. Shadeland Avenue,Indianapolis,IN,46219,15
Uebelhor Toyota,788 W. 12th Avenue,Jasper,IN,47546,15
Kokomo Toyota,3813 S. LaFountain Street,Kokomo,IN,46902,15
Bob Rohrman Toyota,3900 State Road 26 East,Lafayette,IN,47905,15
Craig Toyota,258 Clifty Drive,Madison,IN,47250,15
Toyota of Merrillville,4450 E. Lincoln Highway,Merrillville,IN,46410,15
Jordan Toyota,920 E. Jefferson Blvd.,Mishawaka,IN,46545,15
Toyota of Muncie,3311 N. Nebo Road,Muncie,IN,47304,16
Ed Martin Toyota,9230 E. 141 Street,Noblesville,IN,46060,16
Cronin Toyota of Richmond,5601 National Road East,Richmond,IN,47374,16
Team Toyota,400 Indianapolis Blvd.,Schererville,IN,46375,16
Gates Toyota,640 W. Ireland Road South,Bend,IN,46614,16
Carver Toyota of Columbus,10255 N. U.S. Highway 31,Taylorsville,IN,47280,16
Toyota of Terre Haute,7030 South U.S. Hwy 41,Terre Haute,IN,47802,16
Toyota of Warsaw,448 W. 250 North,Warsaw,IN,46582,16
Tom Wood Toyota,6408 Crane Drive,Whitestown,IN,46075,16
Lewis Toyota of Dodge City,907 S 2nd Street,Dodge City,KS,67801,16
Clint Bowyer Toyota,2815 West Highway 50,Emporia,KS,66801,16
Briggs Toyota of Fort Scott,1819 South Main Street,Ft Scott,KS,66701,16
Lewis Toyota of Garden City,1221 Lareu Road,Garden City,KS,67846,16
Lewis Toyota of Hays,4440 Vine Street,Hays,KS,67601,16
Midwest Toyota,1100 E. 30th Avenue,Hutchinson,KS,67502,16
Quality Toyota of Independence,2101 West Main Street,Independence,KS,67301,16
Legends Toyota,10100 Parallel Parkway,Kansas City,KS,66109,16
Crown Toyota,3430 S. Iowa Street,Lawrence,KS,66046,16
Little Apple Toyota,2828 Amherst Avenue,Manhattan,KS,66502,16
Hendrick Toyota Merriam,9505 W. 67th Street,Merriam,KS,66203,16
Olathe Toyota,685 N. Rawhide,Olathe,KS,66061,16
Conklin Toyota Salina,2700 South 9th Street,Salina,KS,67401,16
Lewis Toyota of Topeka,2951 S.W. Fairlawn Road,Topeka,KS,66614,16
Eddy's Toyota of Wichita,7333 East Kellogg,Wichita,KS,67207,16
Toyota of Ashland,3503 Winchester Avenue,Ashland,KY,41101,16
Toyota of Bowling Green,2398 Scottsville Road,Bowling Green,KY,42104,16
Don Franklin Corbin Toyota,311 E. Cumberland Gap Pky,Corbin,KY,40701,16
Marshall Dry Ridge Toyota,9 Taft Highway,Dry Ridge,KY,41035,16
Swope Toyota,1085 North Dixie Highway,Elizabethtown,KY,42701,17
Kerry Toyota,6050 Hopeful Church Road,Florence,KY,41042,17
Frankfort Toyota,1001 Leestown Road,Frankfort,KY,40601,17
Toyota of Hopkinsville,4395 Ft. Campbell Blvd,Hopkinsville,KY,42240,17
Green's Toyota of Lexington,630 E. New Circle Road,Lexington,KY,40505,17
Oxmoor Toyota,8003 Shelbyville Road,Louisville,KY,40222,17
Toyota of Louisville,6514 Dixie Highway,Louisville,KY,40258,17
Watermark Toyota,1055 Crossing Place,Madisonville,KY,42431,17
Toyota of Murray,1301 South 12th Street,Murray,KY,42071,17
Toyota on Nicholasville,2100 Lexington Road,Nicholasville,KY,40356,17
Don Moore Toyota,4216 Frederica Street,Owensboro,KY,42301,17
Coad Toyota Paducah,3941 Mike Smith Drive,Paducah,KY,42001,17
Walters Toyota,30 Walters Lane,Pikeville,KY,41501,17
Mann Toyota,1811 U.S. Highway 23 North,Prestonsburg,KY,41653,17
Toyota South,961 Four Mile Road,Richmond,KY,40475,17
Toyota of Somerset,4195 South Highway 27,Somerset,KY,42503,17
Walker Toyota,5735 Coliseum Blvd.,Alexandria,LA,71303,17
Vaughn Toyota of Bastrop,2329 East Madison Avenue,Bastrop,LA,71220,17
All Star Toyota of Baton Rouge,9150 Airline Highway,Baton Rouge,LA,70815,17
Price LeBlanc Toyota,13250 Airline Highway,Baton Rouge,LA,70817,17
Team Toyota,1788 O'Neal Lane,Baton Rouge,LA,70816,17
John Harvey Toyota,2901 Benton Road,Bossier City,LA,71111,17
Northshore Toyota,68500 Hwy 190 Service Rd.,Covington,LA,70433,17
Supreme Toyota of Hammond,1415 South Morrison Blvd,Hammond,LA,70403,17
Bohn Toyota,3800 Lapalco Blvd.,Harvey,LA,70058,17
Greg Leblanc Toyota,220 S. Hollywood Road,Houma,LA,70360,17
Bubba Oustalet Toyota,246 North Broadway,Jennings,LA,70546,17
Ray Brandt Toyota,2460 Veterans Memorial Bl,Kenner,LA,70062,17
Hampton Toyota,6191 Johnston Street,Lafayette,LA,70503,18
Lake Charles Toyota,3905 Gerstner Memorial Dr,Lake Charles,LA,70607,18
Hixson Toyota,11981 Lake Charles Highway,Leesville,LA,71446,18
Lakeside Toyota,3701 North Causeway Blvd.,Metairie,LA,70002,18
Van-Trow Toyota,2015 Louisville Avenue,Monroe,LA,71201,18
Morgan City Toyota,1105 Brashear Avenue,Morgan City,LA,70380,18
Musson-Patout Toyota,208 West Hwy 90 Frontage Rd,New Iberia,LA,70560,18
Toyota of New Orleans,13150 I-10 Service Road,New Orleans,LA,70128,18
Price LeBlanc Toyota of Acadiana,4127 I-49 South Service Road,Opelousas,LA,70570,18
Karl Malone Toyota of Ruston,1001 N. Service Road East,Ruston,LA,71270,18
Yokem Toyota,1199 E. Bert Kouns Ind. Loop,Shreveport,LA,71105,18
Toyota of Slidell,300 E. Howze Beach Road,Slidell,LA,70461,18
Herb Chambers Toyota of Auburn,809 Washington Street,Auburn,MA,01501,18
Herb Chambers Toyota of Boston,32 Brighton Avenue,Boston,MA,02134,18
Parkway Toyota of Boston,1605 VFW Parkway,Boston,MA,02132,18
Falmouth Toyota,290 Mac Arthur Blvd.,Bourne,MA,02532,18
Tufankjian Toyota of Braintree,210 Union Street,Braintree,MA,02184,18
Copeland Toyota,970 West Chestnut Street,Brockton,MA,02301,18
Ira Toyota,99B Andover Street,Danvers,MA,01923,18
Expressway Toyota,700 Morrissey Blvd.,Dorchester,MA,02122,18
McGee Toyota of Dudley,191 West Main Street,Dudley,MA,01571,18
Bernardi Toyota,1626 Worcester Road,Framingham,MA,01702,18
Toyota of Greenfield,One Main Street,Greenfield,MA,01301,18
McGee Toyota,860-880 Washington St,Hanover,MA,02339,18
Jaffarian Toyota,600 River St,Haverhill,MA,01832,18
Ira Toyota of Hyannis,1020 Iyannough Road,Hyannis,MA,02601,18
Sullivan Brothers Toyota,5 Gallen Road,Kingston,MA,02364,18
Koch Route 2 Toyota,700 Old Union Turnpike,Lancaster,MA,01523,18
Lexington Toyota,409 Massachusetts Avenue,Lexington,MA,02420,19
Acton Toyota of Littleton,221 Great Road,Littleton,MA,01460,19
Atlantic Toyota,671 Lynnway,Lynn,MA,01905,19
Imperial Toyota,300 Fortune Blvd.,Milford,MA,01757,19
K-M Toyota,51 West Main Street North,Adams,MA,01247,19
Nucar Toyota of North Attleboro,620 South Washington St. North,Attleboro,MA,02760,19
Toyota of Dartmouth,100 Old Faunce Corner Road North,Dartmouth,MA,02747,19
Lia Toyota of Northampton,280 King Street,Northampton,MA,01060,19
Nucar Toyota of Norwood,277 Providence Highway,Norwood,MA,02062,19
Ira Toyota of Orleans,16 O'Connor Road,Orleans,MA,02653,19
Haddad Toyota,130 Pittsfield-Lenox Road,Pittsfield,MA,01201,19
Route 44 Toyota,1154 New State Highway,Raynham,MA,02767,19
"Bristol Toyota, Inc.",2283 Grand Army Highway,Swansea,MA,02777,19
AutoFair Toyota of Tewksbury,468 Main Street,Tewksbury,MA,01876,19
Toyota of Watertown,149 Arsenal St,Watertown,MA,02472,19
Toyota of Wellesley,234 Worcester Street,Wellesley,MA,02481,19
Balise Toyota,1399 Riverdale Street West,Springfield,MA,01089,19
"Westboro Toyota, Inc.",271 Turnpike Road,Westborough,MA,01581,19
Lia Toyota,2145 Boston Road,Wilbraham,MA,01095,19
Woburn Toyota,394 Washington Street,Woburn,MA,01801,19
Harr Toyota,100 Gold Star Boulevard,Worcester,MA,01606,19
Koons Toyota Annapolis,1107 West Street,Annapolis,MD,21401,19
DARCARS Toyota of Baltimore,6007 Eastern Avenue,Baltimore,MD,21224,19
Heritage Toyota Catonsville,6324 Baltimore Ntl Pike,Baltimore,MD,21228,19
Jerry's Toyota,8001 Belair Road,Baltimore,MD,21236,19
Jones Toyota,1510 Belair Road,Bel Air,MD,21014,19
Jim Coleman Toyota,10400 Auto Park Avenue,Bethesda,MD,20817,19
Toyota of Bowie,16700 Governor Bridge Rd.,Bowie,MD,20716,19
Antwerpen's Toyota,12420 Auto Drive,Clarksville,MD,21029,20
Bill Kidd's Timonium Toyota,10401 York Road,Cockeysville,MD,21030,20
Koons Toyota Easton,6730 Ocean Gateway,Easton,MD,21601,20
Ourisman Toyota 40,1101 Business Center Way,Edgewood,MD,21040,20
DARCARS Toyota of Frederick,5293 Buckeystown Pike,Frederick,MD,21704,20
Fitzgerald Toyota Gaithersburg,907 N. Frederick Avenue,Gaithersburg,MD,20879,20
Safford Brown Toyota Glen Burnie,7167 Ritchie Highway,Glen Burnie,MD,21061,20
Younger Toyota,1945 Dual Highway,Hagerstown,MD,21740,20
Sheehy Toyota of Laurel,8801 Freestate Drive,Laurel,MD,20723,20
Toyota of Southern Maryland,22500 Three Notch Road,Lexington Park,MD,20653,20
Heritage Toyota Owings Mills,9801 Reisterstown Road,Owings Mills,MD,21117,20
Hertrich Toyota of Pocomoke,1337 Ocean Highway,Pocomoke City,MD,21851,20
Bayside Toyota,105 Auto Drive,Prince Frederick,MD,20678,20
355 Toyota,15625 Frederick Road,Rockville,MD,20855,20
Pohanka Toyota of Salisbury,2010 N. Salisbury Blvd.,Salisbury,MD,21801,20
DARCARS Toyota,12210 Cherry Hill Road,Silver Spring,MD,20904,20
Passport Toyota,5001 Auth Way,Suitland,MD,20746,20
Waldorf Toyota,2600 Crain Highway,Waldorf,MD,20601,20
Koons Toyota Westminster,375 Baltimore Blvd.,Westminster,MD,21157,20
Emerson Toyota,990 Center Street,Auburn,ME,04210,20
Charlie's Toyota,451 Western Avenue,Augusta,ME,04330,20
Down East Toyota,652 Wilson Street,Brewer,ME,04412,20
York Toyota,315 North Street,Houlton,ME,04730,20
Berlin City Toyota of Portland,191 Riverside Street,Portland,ME,04103,20
Shepard Toyota,"181 New County Road, Route 1",Rockland,ME,04841,20
Ira Toyota Saco,783 Portland Road,Saco,ME,04072,20
Lee Toyota,115 Main Street,Topsham,ME,04086,20
Central Maine Toyota,15 Airport Road,Waterville,ME,04901,20
Toyota of Ann Arbor,3745 Jackson Road,Ann Arbor,MI,48103,21
Sunshine Toyota,1355 West Dickman Road,Battle Creek,MI,49037,21
Labadie Toyota,909 N. Euclid Avenue,Bay City,MI,48706,21
Signature Toyota,680 East Napier,Benton Harbor,MI,49022,21
Fox Toyota of Cadillac,1490 N Mitchell Street,Cadillac,MI,49601,21
Victory Toyota,46352 Michigan Avenue,Canton,MI,48188,21
Fernelius Toyota,11283 Straits Highway,Cheboygan,MI,49721,21
LaFontaine Toyota,2027 S. Telegraph Road,Dearborn,MI,48124,21
Germain Toyota of Dundee,16490 Tecumseh Street,Dundee,MI,48131,21
Riverside Toyota of Escanaba,2600 Ludington Street,Escanaba,MI,49829,21
Suburban Toyota of Farmington Hills,25000 Haggerty Road,Farmington Hills,MI,48335,21
Randy Wise Toyota,9099 Holly Road,Grand Blanc,MI,48439,21
Kool Toyota,3780 Plainfield Avenue,Grand Rapids,MI,49525,21
Toyota of Grand Rapids,"2555 28th Street, S.E.",Grand Rapids,MI,49512,21
Crown Toyota,11260 Chicago Drive,Holland,MI,49423,21
Bergeron Toyota,1600 N. Stephenson Ave.,Iron Mountain,MI,49801,21
Metro Toyota,5850 Stadium Drive,Kalamazoo,MI,49009,21
Spartan Toyota,5701 S. Pennsylvania Ave,Lansing,MI,48911,21
Matick Toyota,23405 Hall Road,Macomb,MI,48042,21
Riverside Toyota,3330 US Highway 41 West,Marquette,MI,49855,21
Toyota of Muskegon,1860 E. Sternberg Road,Muskegon,MI,49444,21
Fox Toyota,773 South Rochester Road,Rochester Hills,MI,48307,21
Serra Toyota of Saginaw,4320 Bay Road,Saginaw,MI,48603,21
Page Toyota,21262 Telegraph Road,Southfield,MI,48033,21
Serra Toyota of Traverse City,1302 S. Garfield Avenue,Traverse City,MI,49686,21
Suburban Toyota of Troy,2100 W. Maple Road,Troy,MI,48084,21
Golling Toyota of Warren,27100 Van Dyke Avenue,Warren,MI,48093,21
Szott M-59 Toyota,4178 Highland Road,Waterford,MI,48328,21
Lake Country Toyota,7036 Lake Forest Road,Baxter,MN,56401,22
Chester Berg Toyota,705 Paul Bunyan Drive NW,Bemidji,MN,56601,22
Walser Bloomington Toyota,4401 American Blvd. West,Bloomington,MN,55437,22
Luther Brookdale Toyota,6700 Brooklyn Boulevard,Brooklyn Center,MN,55429,22
Burnsville Toyota,14730 Buck Hill Road,Burnsville,MN,55306,22
Carlson Toyota,12880 Riverdale Dr. NW,Coon Rapids,MN,55448,22
Kolar Toyota,4781 Miller Trunk Hwy.,Duluth,MN,55811,22
Quality Toyota,1125 W. Lincoln Avenue,Fergus Falls,MN,56537,22
Rudy Luther Toyota,8805 Wayzata Blvd,Golden Valley,MN,55426,22
Inver Grove Toyota,1037 50th Street,Inver Grove Heights,MN,55077,22
LeadCar Toyota Mankato,1234 Raintree Road,Mankato,MN,56001,22
Maplewood Toyota,2873 Maplewood Dr.,Maplewood,MN,55109,22
Rochester Toyota,"4365 Canal Place, S.E.",Rochester,MN,55904,22
Iron Trail Toyota,1301 S. 17th Street,Virginia,MN,55792,22
St. Cloud Toyota,418 2nd Street South,Waite Park,MN,56387,22
Mills Toyota,3700 Highway 71 South,Willmar,MN,56201,22
Dahl Toyota,1077 W. Service Drive,Winona,MN,55987,22
Jay Wolfe Toyota of West County,14700 Manchester Road,Ballwin,MO,63011,22
Coad Toyota,357 Siemers Drive,Cape Girardeau,MO,63701,22
Joe Machens Toyota,1180 Vandiver Drive,Columbia,MO,65202,22
Seeger Toyota,12833 Olive Street Road,Creve Coeur,MO,63141,22
Bommarito Toyota,9095 Dunn Road,Hazelwood,MO,63042,22
Twin City Toyota,301 Autumn Ridge Drive,Herculaneum,MO,63048,22
Rusty Drewing Toyota,2105 Christy Drive,Jefferson City,MO,65101,22
Frank Fletcher Toyota,2209 S. Rangeline Road,Joplin,MO,64804,22
Jay Wolfe Toyota,9650 NW Prairie View Road,Kansas City,MO,64153,22
"Molle Toyota, Inc.",601 West 103rd Street,Kansas City,MO,64114,22
Kirksville Toyota,3607 N. Baltimore Street,Kirksville,MO,63501,22
Lou Fusz Toyota,10725 Manchester Road,Kirkwood,MO,63122,23
Adams Toyota Lee's Summit,501 N.E. Colbern Road,Lee's Summit,MO,64086,23
Baldwin Toyota,801 S. Westwood Blvd.,Poplar Bluff,MO,63901,23
McCarthy Toyota of Sedalia,3110 W Broadway,Sedalia,MO,65301,23
Reliable Toyota,3521 East Sunshine,Springfield,MO,65809,23
Tom Pappas Toyota,10011 Spencer Road,St Peters,MO,63376,23
Rolling Hills Toyota,1617 Cross Street,St. Joseph,MO,64506,23
Jerry Ackerman Toyota,2020 Hampton Avenue,St. Louis,MO,63139,23
John Weiss' Toyota of South County,11771 Tesson Ferry Road,St. Louis,MO,63128,23
Seeger Toyota of St. Robert,169 St. Robert Blvd.,St. Robert,MO,65584,23
Straatmann Toyota,215 George Hildner Drive,Washington,MO,63090,23
Toyota of West Plains,1802 Porter Wagoner Blvd. West,Plains,MO,65775,23
Gray-Daniels Toyota,104 Gray Daniels Blvd,Brandon,MS,39042,23
Toyota of Brookhaven,890 Brookway Blvd.,Brookhaven,MS,39601,23
Carl Hogan Toyota,3907 Highway 45 North,Columbus,MS,39705,23
Oakes Toyota,1753 Highway 1 South,Greenville,MS,38701,23
Kirk Toyota,237 Southwest Frontage Road,Grenada,MS,38901,23
J. Allen Toyota,11397 Helen Richards Road,Gulfport,MS,39503,23
Toyota of Hattiesburg,6461 US Highway 98,Hattiesburg,MS,39402,23
Principle Toyota of Hernando,2887 McIngvale Road South,Hernando,MS,38632,23
Toyota of Jackson,6100 I-55 North Frontage Road,Jackson,MS,39211,23
Kim's Toyota,1030 Highway 15 North,Laurel,MS,39440,23
Toyota of Meridian,2900 Highway 39 North,Meridian,MS,39301,23
Cannon Toyota of Moss Point,6521 Highway 63,Moss Point,MS,39563,23
Natchez Toyota,335 Highway 61 South,Natchez,MS,39120,23
Oxford Toyota,435A Highway 6 West,Oxford,MS,38655,23
Doc's Toyota,15120 Highway 16 West,Philadelphia,MS,39350,23
Carlock Toyota of Tupelo,882 Cross Creek Drive,Saltillo,MS,38866,23
Cannon Toyota,2047 North Frontage Road,Vicksburg,MS,39180,24
Lithia Toyota of Billings,1532 Grand Avenue,Billings,MT,59102,24
Toyota of Bozeman,8476 Huffine Lane,Bozeman,MT,59718,24
Butte Toyota,5103 Harrison Avenue,Butte,MT,59701,24
City Toyota,3900 10th Avenue South,Great Falls,MT,59405,24
Toyota of Helena,3365 Highway 12 East,Helena,MT,59601,24
Kalispell Toyota,2845 Highway 93 South,Kalispell,MT,59901,24
Lithia Toyota of Missoula,4001 Brooks St.,Missoula,MT,59804,24
Hendrick Toyota Apex,1210 Laura Village Drive,Apex,NC,27523,24
Modern Toyota of Asheboro,1636 Highway 64 East,Asheboro,NC,27203,24
Fred Anderson Toyota of Asheville,777 Brevard Road,Asheville,NC,28806,24
Modern Toyota of Boone,225 Modern Drive,Boone,NC,28607,24
Cox Toyota,3860 Danbrook Road,Burlington,NC,27215,24
Town & Country Toyota,9101 South Boulevard,Charlotte,NC,28273,24
Deacon Jones Toyota,1613 Sunset Avenue,Clinton,NC,28328,24
Hendrick Toyota Concord,7670 Bruton Smith Blvd.,Concord,NC,28027,24
Mark Jacobson Toyota,4516 Durham Chapel Hill Blvd.,Durham,NC,27707,24
Hall Toyota Elizabeth City,1002 Halstead Blvd.,Elizabeth City,NC,27909,24
Rick Hendrick Toyota,1969 Skibo Road,Fayetteville,NC,28314,24
Toyota of Gastonia,4821 Wilkinson Boulevard,Gastonia,NC,28056,24
Toyota of Goldsboro,301 N. Oak Forest Road,Goldsboro,NC,27534,24
Toyota of Greensboro,2630 Battleground Avenue,Greensboro,NC,27408,24
Greenville Toyota,3615 South Memorial Drive,Greenville,NC,27834,24
Griffin Toyota,949 U.S. Highway 74 East,Hamlet,NC,28345,24
Classic Toyota of Henderson,205 Toyota Lane,Henderson,NC,27537,24
Bryan Easler Toyota,1409 Spartanburg Highway,Hendersonville,NC,28792,24
Mike Johnson's Hickory Toyota,435 Highway 70 S.E.,Hickory,NC,28602,24
Vann York Toyota,500 Eastchester Drive,High Point,NC,27262,24
Toyota of North Charlotte,13429 Statesville Road,Huntersville,NC,28078,25
Stevenson-Hendrick Toyota,3124 New Bern Highway,Jacksonville,NC,28546,25
Massey Toyota,4760 Highway 70 West,Kinston,NC,28504,25
Peterson Toyota,4381 Fayetteville Road,Lumberton,NC,28359,25
Scott Clark Toyota,13052 Marie Garris Drive,Matthews,NC,28105,25
Mount Airy Toyota,508 N Andy Griffith Pkwy,Mount Airy,NC,27030,25
Toyota of New Bern,5010 Highway 70 East,New Bern,NC,28560,25
Classic Toyota of Wilkesboro,1511 West D Street North,Wilkesboro,NC,28659,25
Fred Anderson Toyota,9101 Glenwood Avenue,Raleigh,NC,27617,25
Leith Toyota,8005 Capital Blvd.,Raleigh,NC,27616,25
Toyota of Roanoke Rapids,1615 E. 10th Street,Roanoke Rapids,NC,27870,25
Rocky Mount Toyota,943 N. Wesleyan Blvd.,Rocky Mount,NC,27804,25
Cloninger Toyota,511 Jake Alexander Blvd. South,Salisbury,NC,28147,25
Fred Anderson Toyota of Sanford,3321 Highway 87 South,Sanford,NC,27332,25
Pinehurst Toyota,10760 US Highway 15-501,Southern Pines,NC,28387,25
Flow Toyota of Statesville,997 Folger Drive,Statesville,NC,28625,25
Pecheles Ford Toyota,4020 Highway 264 West,Washington,NC,27889,25
Hendrick Toyota Wilmington,5640 Market Street,Wilmington,NC,28405,25
Hubert Vester Toyota of Wilson,3712 Raleigh Road Pkwy.,Wilson,NC,27896,25
Modern Toyota,3178 Peters Creek Parkway,Winston-Salem,NC,27127,25
Cedric Theel Toyota,3955 Trenton Drive,Bismarck,ND,58503,25
Lake Toyota,424 Highway 2 East,Devils Lake,ND,58301,25
Dan Porter Honda-Toyota,2391 E. I-94 Business LP,Dickinson,ND,58601,25
Corwin Toyota,222 South 40TH Street,Fargo,ND,58103,25
Rydell Toyota of Grand Forks,2473 South 32nd Avenue,Grand Forks,ND,58201,25
Lloyds Toyota,500 17th St SW,Jamestown,ND,58401,25
Minot Toyota,3615 South Broadway,Minot,ND,58702,25
Corwin Toyota of Bellevue,7851 S. 19th Circle,Bellevue,NE,68147,26
Ernst Toyota,815 East 23rd Street,Columbus,NE,68601,26
Cornhusker Toyota,3510 Kaufman,Grand Island,NE,68803,26
Baxter Toyota of La Vista,7204 S. 124th Circle,La Vista,NE,68128,26
Baxter Toyota of Lincoln,8600 South 33rd Street,Lincoln,NE,68516,26
Wagner Toyota,211 West 2nd Street,McCook,NE,69001,26
Premier Toyota,2600 S Willow & I-80 North,Platte,NE,69103,26
Village Pointe Toyota,18201 Cuming Street,Omaha,NE,68022,26
Team Toyota,2014 E. 20th Place,Scottsbluff,NE,69361,26
Grappone Toyota,594 Route 3-A,Bow,NH,03304,26
McGee Toyota of Claremont,168 Charlestown Road,Claremont,NH,03743,26
Bill Dube Toyota,40 Dover Point Road,Dover,NH,03820,26
Toyota of Keene,591 Monadnock Hwy. Rt 12 East,Swanzey,NH,03446,26
McGee Toyota of Epping,58 Calef Highway,Epping,NH,03042,26
Berlin City Toyota,485 Main Street,Gorham,NH,03581,26
Irwin Toyota,59 Bisson Avenue,Laconia,NH,03246,26
Ira Toyota of Manchester,33 Autocenter Road,Manchester,NH,03103,26
Toyota of Nashua,10 Marmon Drive,Nashua,NH,03060,26
Toyota of Portsmouth,150 Greenleaf Avenue,Portsmouth,NH,03801,26
Rochester Toyota,48 Farmington Rd-Route 11 West,Rochester,NH,03867,26
Canobie Lake Toyota,412 S. Broadway,Salem,NH,03079,26
Sansone Toyota,100 Route 1 North,Avenel,NJ,07001,26
Liberty Toyota,4397 South Route 130,Burlington,NJ,08016,26
Toyota World of Clinton,2017 Route 31,Clinton,NJ,08809,26
Dayton Toyota,2291 Route 130,Dayton,NJ,08810,26
Galaxy Toyota,750 Route 36,Eatontown,NJ,07724,26
Parkway Toyota,50 Sylvan Avenue,Englewood Cliffs,NJ,07632,26
"Glen Motors, Inc.",23-07 Maple Avenue,Fair Lawn,NJ,07410,26
Fred Beans Toyota of Flemington,174 Route 202 North,Flemington,NJ,08822,27
DCH Freehold Toyota,4268 Route 9 South,Freehold,NJ,07728,27
Empire Toyota of Green Brook,220 Route 22 West,Green Brook,NJ,08812,27
Toyota of Hackensack,278 River Street,Hackensack,NJ,07601,27
Route 22 Toyota,109 Route 22 West,Hillside,NJ,07205,27
Hudson Toyota,599 Route 440,Jersey City,NJ,07304,27
Toyota World of Lakewood,1118 Route 88,Lakewood,NJ,08701,27
Team Toyota of Princeton,2871 Route 1,Lawrenceville,NJ,08648,27
Towne Toyota,1499 Route 46,Ledgewood,NJ,07852,27
Toyota Universe,1485 Route 46 East,Little Falls,NJ,07424,27
Shore Toyota,4236 Black Horse Pike,Mays Landing,NJ,08330,27
Toyota of Morristown,169 Ridgedale Ave,Morristown,NJ,07960,27
Holman Toyota,1301 Route 73,Mount Laurel,NJ,08054,27
Toyota World of Newton,66 Route 206 North,Newton,NJ,07860,27
DCH Brunswick Toyota,1504 U.S. Route 1 North,Brunswick,NJ,08902,27
Crestmont Toyota,730 State Route 23,Pompton Plains,NJ,07444,27
Prestige Toyota of Ramsey,1096 Route 17 North,Ramsey,NJ,07446,27
Toyota of Runnemede,99 South Black Horse Pike,Runnemede,NJ,08078,27
Autoland Toyota,170 Route 22 East,Springfield,NJ,07081,27
Gateway Toyota,395 Rt 37E & Batchelor St,Toms River,NJ,08753,27
Toyota of Turnersville,3400 Route 42,Turnersville,NJ,08012,27
Toyota of Vineland,650 North Delsea Drive,Vineland,NJ,08360,27
Paul Miller Toyota of West Caldwell,1137-1183 Bloomfield Avenue West,Caldwell,NJ,07006,27
East Coast Toyota,85 State Highway 17,Wood Ridge,NJ,07075,27
Casa Toyota,3333 N. White Sands Blvd.,Alamogordo,NM,88310,27
Larry H. Miller American Toyota,5995 Alameda Blvd. N.E.,Albuquerque,NM,87113,27
Sandia Toyota,"10401 Copper Avenue, N.E.",Albuquerque,NM,87123,27
Hamilton Toyota,600 W. 7th Street,Clovis,NM,88101,28
Webb Toyota,3701 E. Main Street,Farmington,NM,87402,28
Amigo Toyota,2000 S. 2nd Street,Gallup,NM,87301,28
Permian Toyota,3500 North Grimes Street,Hobbs,NM,88240,28
Viva Toyota of Las Cruces,780 South Valley Drive,Las Cruces,NM,88005,28
Roswell Toyota,2211 West Second Street,Roswell,NM,88201,28
Toyota of Santa Fe,1601 St. Michaels Drive,Santa Fe,NM,87505,28
Hatch Toyota Stateline,2750 Highway 180 E.,Silver City,NM,88061,28
Carson City Toyota,2590 South Carson Street,Carson City,NV,89701,28
Elko Toyota,1585 Lamoille Hwy.,Elko,NV,89801,28
Fallon Ford Toyota,1351 W. Williams Avenue,Fallon,NV,89406,28
Findlay Toyota,7733 Eastgate Road,Henderson,NV,89011,28
AutoNation Toyota Las Vegas,6300 West Sahara Avenue,Las Vegas,NV,89146,28
Centennial Toyota,6401 Centennial Center Blvd.,Las Vegas,NV,89149,28
David Wilson's Toyota of Las Vegas,3255 East Sahara Avenue,Las Vegas,NV,89104,28
Dolan Toyota,2100 Kietzke Lane,Reno,NV,89502,28
Interstate Toyota,411 Route 59,Airmont,NY,10952,28
Northtown Toyota,1135 Millersport Highway,Amherst,NY,14226,28
Fox Toyota,188 Grant Avenue,Auburn,NY,13021,28
Toyota of Batavia,3899 West Main Street Road,Batavia,NY,14020,28
Star Toyota of Bayside,205-11 Northern Blvd.,Bayside,NY,11361,28
Williams Toyota of Binghamton,393 Court Street,Binghamton,NY,13904,28
Lia Toyota of Rockland,618 Route 303,Blauvelt,NY,10913,28
City World Toyota,3333 Boston Road,Bronx,NY,10469,28
Fordham Toyota,236-240 W. Fordham Road,Bronx,NY,10468,28
Plaza Toyota,2721 Nostrand Avenue,Brooklyn,NY,11210,28
Toyota of Bay Ridge Brooklyn,6401 6th Avenue,Brooklyn,NY,11220,28
West Herr Toyota of Canandaigua,2435 State Route 332,Canandaigua,NY,14424,28
Burdick Toyota,5947 East Circle Drive,Cicero,NY,13039,29
Curry Toyota,3026 E. Main Street,Cortlandt Manor,NY,10567,29
Hoselton Toyota,50 Marsh Road East,Rochester,NY,14445,29
Romano Toyota,6400 Basile Rowe East,Syracuse,NY,13057,29
Williams Toyota of Elmira,1074 County Route 64,Elmira,NY,14903,29
Gault Toyota,2205 North Street,Endicott,NY,13760,29
Romeo Toyota of Glens Falls,163-169 Broad Street,Glens Falls,NY,12801,29
Maguire Toyota of Grand Island,1974 Alvin Road,Grand Island,NY,14072,29
Penn Toyota,2400 Northern Blvd.,Greenvale,NY,11548,29
Millennium Toyota,257 North Franklin Street,Hempstead,NY,11550,29
Kinderhook Toyota,1908 State Route 9H,Hudson,NY,12534,29
Empire Toyota of Huntington,1030 East Jericho Turnpke,Huntington Station,NY,11746,29
Maguire Toyota,370 Elmira Road,Ithaca,NY,14850,29
Hillside Toyota,139-65 Queens Blvd.,Jamaica,NY,11435,29
Steet Toyota of Johnstown-,310 North Comrie Avenue,Johnstown,NY,12095,29
Prestige Toyota,756 E. Chester St By-Pass,Kingston,NY,12401,29
Luv Toyota,215 East Fairmount Avenue,Lakewood,NY,14750,29
Northway Toyota,737 New Loudon Road,Latham,NY,12110,29
Basil Toyota,6157 South Transit Road,Lockport,NY,14094,29
Toyota City,1305 East Boston Post Rd.,Mamaroneck,NY,10543,29
New Country Toyota of Clifton Park,202 Route 146,Mechanicville,NY,12118,29
Sunrise Toyota North,910 Middle Country Road,Middle Island,NY,11953,29
Rivera Toyota of Mt. Kisco,325 N. Bedford Road,Mt. Kisco,NY,10549,29
Johnstons Toyota,5021 Route 17M,New Hampton,NY,10958,29
New Rochelle Toyota,47 Cedar Street,New Rochelle,NY,10801,29
Toyota of Manhattan,677-681 11th Avenue,New York,NY,10019,29
Newburgh Toyota,218 Route 17K,Newburgh,NY,12550,29
Sunrise Toyota,3984 Sunrise Highway,Oakdale,NY,11769,30
Nye Toyota,1441 Genesee Street,Oneida,NY,13421,30
Empire Toyota,6281 State Highway 23,Oneonta,NY,13820,30
West Herr Toyota of Orchard Park,4141 Southwestern Blvd.,Orchard Park,NY,14127,30
Della Toyota,32 Della Drive,Plattsburgh,NY,12901,30
T J Toyota,6706 State Highway 56,Potsdam,NY,13676,30
Riverhead Toyota,1655 Old Country Road,Riverhead,NY,11901,30
Bob Johnson Toyota,3399 West Henrietta Road,Rochester,NY,14623,30
West Herr Toyota of Rochester,4374 Ridge Road West,Rochester,NY,14626,30
New Country Toyota of Saratoga,3002 Route 50,Saratoga Springs,NY,12866,30
Lia Toyota of Colonie,"2116 Central Ave., Rte. 5",Schenectady,NY,12304,30
Toyota of Massapequa,3660 Sunrise Highway,Seaford,NY,11783,30
Smithtown Toyota,360 East Jericho Turnpike,Smithtown,NY,11787,30
Island Toyota,1591 Hylan Boulevard,Staten Island,NY,10305,30
Advantage Toyota,400 Sunrise Highway,Valley Stream,NY,11581,30
DCH Wappingers Falls Toyota,1349 Route 9,Wappingers Falls,NY,12590,30
Waite Toyota,18406 US Route 11,Watertown,NY,13601,30
Atlantic Toyota,207 Sunrise Highway West,Islip,NY,11795,30
Westbury Toyota,1121 Old Country Road,Westbury,NY,11590,30
West Herr Toyota of Williamsville,8129 Main Street,Williamsville,NY,14221,30
Queensboro Toyota,62-10 Northern Boulevard,Woodside,NY,11377,30
Westchester Toyota,2167 Central Park Avenue,Yonkers,NY,10710,30
Steet Toyota,4991 Commercial Drive,Yorkville,NY,13495,30
Ken Ganley Toyota Akron,1395 East Market Street,Akron,OH,44305,30
Summit Toyota of Akron,1535 Vernon Odom Blvd.,Akron,OH,44320,30
Premier Toyota of Amherst,47190 Cooper Foster Pk Rd,Amherst,OH,44001,30
Don Wood Toyota,900 East State Street,Athens,OH,45701,30
Voss Toyota,2110 Heller Drive,Beavercreek,OH,45434,31
Toyota of Bedford,18151 Rockside Road,Bedford,OH,44146,31
Toyota of Boardman,8250 Market Street,Boardman,OH,44512,31
Thayer Toyota,1225 North Main Street,Bowling Green,OH,43402,31
Brunswick Toyota,3041 Center Road,Brunswick,OH,44212,31
Nourse Toyota,423 N. Bridge Street,Chillicothe,OH,45601,31
Beechmont Toyota,8667 Beechmont Avenue,Cincinnati,OH,45255,31
Joseph Toyota of Cincinnati,9101 Colerain Avenue,Cincinnati,OH,45251,31
Kings Toyota,4700 Fields Ertel Road,Cincinnati,OH,45249,31
Metro Toyota,13775 Brookpark Road,Cleveland,OH,44142,31
Toyota Cleveland Heights,2950 Mayfield Road,Cleveland Hts,OH,44118,31
Germain Toyota of Columbus,5711 Scarborough Blvd.,Columbus,OH,43232,31
Toyota Direct,4248 Morse Road,Columbus,OH,43230,31
Toyota West,1500 Auto Mall Drive,Columbus,OH,43228,31
Byers Toyota,1599 Columbus Pike,Delaware,OH,43015,31
Tansky Sawmill Toyota,6300 Sawmill Road,Dublin,OH,43017,31
Performance Toyota,5676 Dixie Highway,Fairfield,OH,45014,31
Great Lakes Toyota,920 Plaza Street,Findlay,OH,45840,31
Coughlin Toyota,2360 Hebron Road,Heath,OH,43056,31
Victory Toyota,1059 State Route 46 North,Jefferson,OH,44047,31
Toyota of Kent,1111 West Main Street,Kent,OH,44240,31
Buckeye Toyota,1903 Riverway Drive,Lancaster,OH,43130,31
White's Toyota of Lima,3500 Elida Road,Lima,OH,45807,31
Graham Toyota,1515 West Fourth Street,Mansfield,OH,44906,31
Victory Toyota Marietta,1305 Pike Street,Marietta,OH,45750,31
McDaniel Toyota,1111 Mt. Vernon Avenue,Marion,OH,43302,31
Yark Toyota,1377 Conant Street,Maumee,OH,43537,31
Classic Toyota,8510 Tyler Blvd.,Mentor,OH,44060,31
Walker Toyota,8457 Springboro Pike,Miamisburg,OH,45342,32
Ferris Toyota,"634 Wabash Avenue, N.W.",New Philadelphia,OH,44663,32
Toyota of North Canton,6527 Whipple Avenue NW North,Canton,OH,44720,32
Westside Toyota,27000 Lorain Road North,Olmsted,OH,44070,32
Glockner Toyota,2867 U.S. Route 23,Portsmouth,OH,45662,32
Firelands Toyota,904 E. Strub Road,Sandusky,OH,44870,32
Jeff Wyler Toyota of Springfield,2237 West First Street,Springfield,OH,45504,32
Team Toyota,905 Brady Avenue,Steubenville,OH,43952,32
Jim White Toyota,6123 West Central Avenue,Toledo,OH,43615,32
Joseph Airport Toyota,1180 W National Road,Vandalia,OH,45377,32
Toyota of Warren,2657 Niles-Cortland Road,Warren,OH,44484,32
SVG Toyota,1132 State Route 41 South,Washington Court,OH,43160,32
Toyota of Wooster,1363 W. Old Lincoln Way,Wooster,OH,44691,32
Zanesville Toyota,3260 North Maple Avenue,Zanesville,OH,43701,32
Four Stars Toyota,2600 E. Broadway,Altus,OK,73521,32
Toyota of Ardmore,402 Holiday Drive,Ardmore,OK,73401,32
Doenges Toyota,1911 SE Washington Blvd,Bartlesville,OK,74006,32
Northcutt Toyota,3409 W. Owen K. Garriott Road,Enid,OK,73703,32
SouthWest Toyota of Lawton,7110 NW Quanah Parker Trailway,Lawton,OK,73505,32
Post Oak Toyota,5800 Tinker Diagonal,Midwest City,OK,73110,32
James Hodge Toyota,2314 West Shawnee,Muskogee,OK,74401,32
Fowler Toyota,4050 N. Interstate Drive,Norman,OK,73072,32
Bob Howard Toyota,12929 North Kelley Avenue,Oklahoma City,OK,73131,32
Jim Norton Toyota of Oklahoma City,8401 Northwest Expressway,Oklahoma City,OK,73162,32
Janzen Toyota,4900 West 6th Street,Stillwater,OK,74074,32
Fowler Toyota of Tulsa,6868 East BA Frontage Road,Tulsa,OK,74145,32
Jim Norton Toyota,9809 South Memorial Drive,Tulsa,OK,74133,32
Albany Toyota,1205 Price Road SE,Albany,OR,97321,33
Beaverton Toyota,4300 SW Murray Blvd.,Beaverton,OR,97005,33
Kendall Toyota of Bend,61430 S. Hwy 97,Bend,OR,97702,33
Coos Bay Toyota,2001 North Bayshore Drive,Coos Bay,OR,97420,33
Toyota of Corvallis,800 N.W. Fifth Street,Corvallis,OR,97330,33
Kendall Toyota,373 Goodpasture Island Road,Eugene,OR,97401,33
Toyota of Gladstone,19375 SE McLoughlin Blvd.,Gladstone,OR,97027,33
Grants Pass Toyota,375 Redwood Highway,Grants Pass,OR,97527,33
Gresham Toyota,950 N.E. Hogan Drive,Gresham,OR,97030,33
Rogers Toyota of Hermiston,80364 N. Highway 395,Hermiston,OR,97838,33
Royal Moore Toyota,1415 S.E. River Road,Hillsboro,OR,97123,33
Lithia Toyota of Klamath Falls,2121 Washburn Way,Klamath Falls,OR,97603,33
Damian Lillard Toyota,3142 NE Doran Drive,McMinnville,OR,97128,33
Lithia Toyota,1420 N. Riverside Avenue,Medford,OR,97501,33
Toyota of Newport,3234 SW Coast Hwy. 101,Newport,OR,97365,33
Hometown Toyota,313 SE 13th Street,Ontario,OR,97914,33
Ron Tonkin Toyota,750 SE 122nd Avenue,Portland,OR,97233,33
Toyota of Portland on Broadway,55 NE Broadway Street,Portland,OR,97232,33
Clint Newell Toyota,1481 N.E. Stephens Street,Roseburg,OR,97470,33
Capitol Toyota of Salem,783 Auto Group Avenue N.E.,Salem,OR,97301,33
Lithia Toyota of Springfield,163 S. 9th Street,Springfield,OR,97477,33
Columbia Gorge Toyota,1900 West 6th Street,The Dalles,OR,97058,33
Lum's Toyota,1605 SE Ensign Lane,Warrenton,OR,97146,33
Wilsonville Toyota,9155 Boeckman Road,Wilsonville,OR,97070,33
Bennett Toyota,1951 Lehigh Street,Allentown,PA,18103,33
Ardmore Toyota,219 E. Lancaster Avenue,Ardmore,PA,19003,33
LUV Toyota of Bradford,880 East Main Street,Bradford,PA,16701,33
Krause Toyota,7702 Penn Drive,Breinigsville,PA,18031,33
Diehl Toyota of Butler,266 Pittsburgh Road,Butler,PA,16002,34
South Hills Toyota,2403 Washington Road,Canonsburg,PA,15317,34
Fitzgerald Toyota Chambersburg,1436 Lincoln Way East,Chambersburg,PA,17201,34
Conicelli Toyota,550 Ridge Pike,Conshohocken,PA,19428,34
Thompson Toyota,122 W. Swamp Road,Doylestown,PA,18901,34
Delaney Toyota of Dubois,860 Beaver Drive,Dubois,PA,15801,34
Lancaster Toyota,5270 Manheim Pike East,Petersburg,PA,17520,34
Toyota of Stroudsburg,1741 Paradise Trail East,Stroudsburg,PA,18301,34
Koch 33 Toyota,3816 Hecktown Road,Easton,PA,18045,34
Toyota of Erie,5615 Peach Street,Erie,PA,16509,34
Allegheny Toyota,722 Allegheny Blvd.,Franklin,PA,16323,34
Team Toyota of Glen Mills,1050 Baltimore Pike,Glen Mills,PA,19342,34
Sloane Toyota of Glenside,503 North Easton Road,Glenside,PA,19038,34
Toyota of Greensburg,4964 Route 30,Greensburg,PA,15601,34
Kelly Toyota of Hamburg,41 Industrial Drive,Hamburg,PA,19526,34
Hanover Toyota,1830 Carlisle Pike,Hanover,PA,17331,34
Faulkner Toyota,3809 Paxton Street,Harrisburg,PA,17111,34
Heritage Toyota Harrisburg,6060 Allentown Blvd,Harrisburg,PA,17112,34
Peruzzi Toyota,2601 N. Bethlehem Pike,Hatfield,PA,19440,34
LeadCar Toyota Hazleton,730 Airport Road,Hazleton,PA,18202,34
Diehl Toyota of Hermitage,2757 E State Street,Hermitage,PA,16148,34
Fiore Toyota,1000 S. Logan Boulevard,Hollidaysburg,PA,16648,34
Colonial Toyota,2600 West Pike Road,Indiana,PA,15701,34
Laurel Toyota,933 Eisenhower Blvd.,Johnstown,PA,15904,34
Team Toyota,746 E. Lincoln Highway,Langhorne,PA,19047,34
Bennett Toyota of Lebanon,2635 West Cumberland Street,Lebanon,PA,17042,34
Bobby Rahal Toyota of Lewistown,425 Electric Avenue,Lewistown,PA,17044,34
Tri County Toyota,15 D & L Drive,Limerick,PA,19468,34
Sloane Toyota of Malvern,593 Lancaster Avenue,Malvern,PA,19335,35
Baierl Toyota,"19045 Perry Highway, Route 19",Mars,PA,16046,35
Palmiero Toyota,16165 Conneaut Lake Road,Meadville,PA,16335,35
Bobby Rahal Toyota,6711 Carlisle Pike,Mechanicsburg,PA,17050,35
Spitzer Toyota,4710 William Penn Highway,Monroeville,PA,15146,35
Brewer Airport Toyota,8900 University Blvd.,Moon Township,PA,15108,35
Ciocca Toyota of Williamsport,203 Lycoming Mall Drive,Muncy,PA,17756,35
Preston Toyota,1502 Wilmington Road,New Castle,PA,16105,35
New Holland Toyota,524 West Main Street,New Holland,PA,17557,35
Cochran Toyota,12204 Route 30 North,Huntingdon,PA,15642,35
Sloane Toyota of Philadelphia,1546 Cottman Avenue,Philadelphia,PA,19111,35
Jim Shorkey Toyota,7401 McKnight Road,Pittsburgh,PA,15237,35
Rohrich Toyota,2020 West Liberty Avenue,Pittsburgh,PA,15226,35
Ken Ganley Toyota,1110 Clairton Blvd.,Pleasant Hills,PA,15236,35
Williams Toyota of Sayre,2468 Elmira Street,Sayre,PA,18840,35
Toyota of Scranton,3400 North Main Avenue,Scranton,PA,18508,35
Aubrey Alexander Toyota,1324 N. Susquehanna Trail,Selinsgrove,PA,17870,35
Performance Motors Toyota,4681 Penn Avenue,Sinking Spring,PA,19608,35
Conicelli Toyota of Springfield,860 Baltimore Pike,Springfield,PA,19064,35
Joel Confer Toyota,120 East Clinton Avenue,State College,PA,16803,35
Del Toyota,2945 East Lincoln Highway,Thorndale,PA,19372,35
Faulkner Toyota,2425 Lincoln Highway,Trevose,PA,19053,35
Mike Kelly Toyota of Uniontown,1 Mary Jane Wood Drive,Uniontown,PA,15401,35
Motorworld Toyota,150 Motorworld Drive,Wilkes Barre,PA,18702,35
Toyota of York,1885 Whiteford Road,York,PA,17402,35
Grieco Toyota,415 Taunton Avenue East,Providence,RI,02914,35
Langway Toyota of Newport,285 East Main Road,Middletown,RI,02842,35
Nucar Tarbox Toyota,3671 Quaker Lane North,Kingstown,RI,02852,35
Toyota of Smithfield,550 George Washington Hwy,Smithfield,RI,02917,36
Balise Toyota of Warwick,1400 Post Road,Warwick,RI,02888,36
Valenti Toyota,6 Langworthy Road,Westerly,RI,02891,36
Ralph Hayes Toyota,3525 Clemson Boulevard,Anderson,SC,29621,36
Stokes Toyota Beaufort,3557 Trask Parkway,Beaufort,SC,29906,36
Stokes Toyota Hilton Head,100 Fording Island Road,Bluffton,SC,29910,36
Fred Anderson Toyota of Charleston,2100 Savannah Highway,Charleston,SC,29414,36
Midlands Toyota,240 Killian Commons Parkway,Columbia,SC,29203,36
Toyota of Easley,5643 Calhoun Memorial Hwy,Easley,SC,29640,36
Florence Toyota,2300 West Palmetto Street,Florence,SC,29501,36
Toyota of Greenville,2686 Laurens Road,Greenville,SC,29607,36
Ballentine Toyota,1305 Highway 72 By-Pass,Greenwood,SC,29646,36
Fred Anderson Toyota of Greer,13770 E. Wade Hampton Blvd.,Greer,SC,29651,36
Jim Hudson Toyota,970 Columbiana Drive,Irmo,SC,29063,36
Lugoff Toyota,878 Highway 1 South,Lugoff,SC,29078,36
Sparks Toyota,4855 Highway 501,Myrtle Beach,SC,29579,36
Miracle Toyota of North Augusta,5512 Jefferson Davis Highway North,Augusta,SC,29841,36
Hendrick Toyota North Charleston,7151 Rivers Avenue North,Charleston,SC,29406,36
Davis Toyota of Orangeburg,3237 St. Matthews Road,Orangeburg,SC,29118,36
Toyota of Rock Hill,640 Galleria Boulevard,Rock Hill,SC,29730,36
Spartanburg Toyota,2450 Reidville Road,Spartanburg,SC,29301,36
Scott Will Toyota of Sumter,2542 Broad Street,Sumter,SC,29150,36
Peter Boulware Toyota of Columbia,2136 Sunset Blvd. West,Columbia,SC,29169,36
Harr Toyota,4255 6th Avenue SE,Aberdeen,SD,57401,36
Capital City Toyota,518 East Sioux Avenue,Pierre,SD,57501,36
Denny Menholt Toyota,1920 East Mall Drive,Rapid City,SD,57701,36
Billion Toyota,4101 W. 12th Street,Sioux Falls,SD,57106,36
Sharp Chevrolet-Toyota,1112 9th Ave SW,Watertown,SD,57201,36
Rick McGill's Airport Toyota,3145 Alcoa Highway,Alcoa,TN,37701,37
Toyota of Bristol,3045 W. State Street,Bristol,TN,37620,37
Capital Toyota,5808 Lee Hwy,Chattanooga,TN,37421,37
Wyatt Johnson Toyota,2595 Wilma Rudolph Blvd,Clarksville,TN,37040,37
Fox Toyota,228 Fox Family Lane,Clinton,TN,37716,37
Roberts Toyota,1027 Nashville Highway,Columbia,TN,38401,37
Cumberland Toyota,1540 Interstate Drive,Cookeville,TN,38501,37
Wolfchase Toyota,2201 North Germantown Parkway,Cordova,TN,38016,37
Victory Toyota Dyersburg,920 Highway 51 Bypass,Dyersburg,TN,38024,37
Landers McLarty Toyota,2970 Huntsville Highway,Fayetteville,TN,37334,37
Toyota of Cool Springs,1875 West McEwen Drive,Franklin,TN,37067,37
Toyota of Gallatin,1435 Nashville Pike,Gallatin,TN,37066,37
Robinson Toyota,1453 Vann Drive,Jackson,TN,38305,37
Johnson City Toyota,3124 Bristol Highway,Johnson City,TN,37601,37
Toyota of Kingsport,2525 East Stone Drive,Kingsport,TN,37660,37
Toyota Knoxville,10415 Parkside Drive,Knoxville,TN,37922,37
Nashville Toyota North,2400 Gallatin Pike North,Madison,TN,37115,37
John Roberts Toyota,2610 Hillsboro Highway,Manchester,TN,37355,37
Toyota of Cleveland,3560 Village North Bl SW,McDonald,TN,37353,37
Chuck Hutton Toyota,4601 Hutton Way,Memphis,TN,38116,37
Principle Toyota,7370 Winchester Road,Memphis,TN,38125,37
Rusty Wallace Toyota,5944 W Andrew Johnson Hwy,Morristown,TN,37814,37
Toyota of Murfreesboro,3434 Bill Smith Drive,Murfreesboro,TN,37129,37
Beaman Toyota,343 Harding Place,Nashville,TN,37211,37
Peppers Toyota,2400 East Wood Street,Paris,TN,38242,37
Lithia Toyota of Abilene,4449 Southwest Drive,Abilene,TX,79606,37
Street Toyota,4500 South Soncy Road,Amarillo,TX,79119,37
Gulf Coast Toyota,3000 N. 288 Freeway,Angleton,TX,77515,37
Family Toyota of Arlington,1661 Wet 'N Wild Way,Arlington,TX,76011,38
Vandergriff Toyota,1000 West I-20,Arlington,TX,76017,38
AutoNation Toyota South Austin,4800 IH-35 South,Austin,TX,78745,38
Toyota of North Austin,8400 Research Boulevard,Austin,TX,78758,38
Lost Pines Toyota,806 Highway 71 West,Bastrop,TX,78602,38
Community Toyota,4701 Interstate 10 East,Baytown,TX,77521,38
Doggett Toyota of Beaumont,4235 Eastex Freeway,Beaumont,TX,77706,38
Vic Vaughan Toyota of Boerne,31205 IH-10 West,Boerne,TX,78006,38
Tegeler Toyota,1515 Highway 290 West,Brenham,TX,77833,38
Brownsville Toyota,6750 N. Expressway,Brownsville,TX,78526,38
Bryan College Station Toyota,728 N. Earl Rudder Frwy.,Bryan,TX,77802,38
Family Toyota of Burleson,801 S. Burleson Blvd.,Burleson,TX,76028,38
Toyota of Cedar Park,5600 183A Toll Road,Cedar Park,TX,78641,38
Gullo Toyota of Conroe,500 I-45 South,Conroe,TX,77304,38
AutoNation Toyota Corpus Christi,6672 S. Padre Island Dr.,Corpus Christi,TX,78412,38
Mike Shaw Toyota,3232 US Highway 77,Corpus Christi,TX,78380,38
Stewart Toyota,3400 South Interstate 45,Corsicana,TX,75110,38
Cowboy Toyota,9525 E. RL Thornton Frwy,Dallas,TX,75228,38
John Eagle Sport City Toyota,12650 LBJ Freeway,Dallas,TX,75228,38
South Toyota,39660 LBJ Freeway (I-20),Dallas,TX,75237,38
Toyota of Dallas,2610 Forest Lane,Dallas,TX,75234,38
Toyota of Del Rio,3617 Highway 90 West,Del Rio,TX,78840,38
Platinum Toyota of Texoma,1920 U.S. Highway 75 North,Denison,TX,75020,38
Toyota of Denton,4100 South IH 35 East,Denton,TX,76210,38
Bruner Toyota,224 Early Boulevard,Early,TX,76802,38
Fox Toyota of El Paso,11165 Gateway Boulevard West,El Paso,TX,79935,38
Poe Toyota,6330 Montana Avenue,El Paso,TX,79925,38
Toyota of Fort Worth,9001 Camp Bowie West Blvd.,Fort Worth,TX,76116,38
Classic Toyota Galveston,7802 Broadway,Galveston,TX,77554,39
Shottenkirk Toyota Granbury,5100 E. US Highway 377,Granbury,TX,76049,39
Texas Toyota of Grapevine,701 State Hwy. 114 East,Grapevine,TX,76051,39
Bert Ogden Toyota of Harlingen,8721 W. Expressway 83,Harlingen,TX,78552,39
AutoNation Toyota Gulf Freeway,"12111 Gulf Freeway, Bldg. B",Houston,TX,77034,39
Don McGill Toyota,11800 Katy Freeway,Houston,TX,77079,39
Fred Haas Toyota Country,22435 SH-249,Houston,TX,77070,39
Joe Myers Toyota,19010 Northwest Freeway,Houston,TX,77065,39
Mike Calvert Toyota,2333 South Loop West,Houston,TX,77054,39
Sterling McCall Toyota,9400 Southwest Freeway,Houston,TX,77074,39
Shottenkirk Toyota Weatherford,2601 E. I-20 Service Road,Hudson Oaks,TX,76087,39
Tejas Toyota,19011 Highway 59 N.,Humble,TX,77338,39
Huntsville Toyota,849 I-45 South,Huntsville,TX,77340,39
Freeman Toyota,204 Northeast Loop 820,Hurst,TX,76053,39
Toyota of Irving,1999 West Airport Frwy.,Irving,TX,75062,39
Don McGill Toyota of Katy,21555 Katy Freeway,Katy,TX,77450,39
Toyota of Killeen,4001 E Central Texas Exp.,Killeen,TX,76543,39
Toyota of Laredo,6324 Bob Bullock Loop,Laredo,TX,78041,39
Mac Haik Toyota,2112 Gulf Freeway,League City,TX,77573,39
Lone Star Toyota of Lewisville,1547 S. Stemmons Frwy.,Lewisville,TX,75067,39
Toyota of Longview,1400 West Loop 281,Longview,TX,75604,39
Gene Messer Toyota,6102 19th Street,Lubbock,TX,79407,39
Loving Toyota,1807 South Medford Drive,Lufkin,TX,75901,39
Keating Toyota,4233 Del Bello Boulevard,Manvel,TX,77578,39
Shapen Toyota,5015 East End Blvd. South,Marshall,TX,75672,39
Pat Lobb Toyota of McKinney,3350 S. Central Expresswy,McKinney,TX,75070,39
Toyota of Midland,800 North Loop 250 West,Midland,TX,79703,39
Toyota of Mt. Pleasant,102 Tankersley Road,Mt. Pleasant,TX,75455,39
Robbins Toyota,6233 Mall Drive,Nash,TX,75569,40
Philpott Toyota,2229 Highway 69 N,Nederland,TX,77627,40
Lithia Toyota of Odessa,5050 John Ben Shepperd Parkway,Odessa,TX,79762,40
Cecil Atkission Toyota,2500 Interstate 10,Orange,TX,77632,40
Palestine Toyota,2728 South Loop 256,Palestine,TX,75801,40
Country Toyota,805 North Hobart Street,Pampa,TX,79065,40
Toyota of Paris,3235 NE Loop 286,Paris,TX,75460,40
Toyota of Pharr,1625 W. Expressway 83,Pharr,TX,78577,40
Toyota of Plano,6888 State Hwy 121,Plano,TX,75024,40
Longo Toyota of Prosper,2100 West University Drive,Prosper,TX,75078,40
Toyota of Richardson,1221 N Central Expressway,Richardson,TX,75080,40
Sterling McCall Toyota Fort Bend,20465 Southwest Freeway,Richmond,TX,77469,40
Toyota of Rockwall,1250 East I30,Rockwall,TX,75087,40
Round Rock Toyota,2307 North I-35,Round Rock,TX,78664,40
Mitchell Toyota,1500 Knickerbocker Road,San Angelo,TX,76904,40
Alamo Toyota,18019 N US Highway 281,San Antonio,TX,78232,40
Cavender Toyota,5730 N.W. Loop 410,San Antonio,TX,78238,40
North Park Toyota of San Antonio,10703 Southwest Loop 410,San Antonio,TX,78211,40
Red McCombs Toyota,13526 IH-10 West,San Antonio,TX,78249,40
Universal Toyota,12102 IH-35 North,San Antonio,TX,78233,40
San Marcos Toyota,5101 IH-35 South,San Marcos,TX,78666,40
Silsbee Toyota,1396 Highway 327 East,Silsbee,TX,77656,40
Fred Haas Toyota World,20400 Interstate 45 North,Spring,TX,77373,40
Don Ringler Toyota,7777 S. General Bruce Dr.,Temple,TX,76502,40
Classic Toyota,1717 West SW Loop 323,Tyler,TX,75701,40
Toyota of Victoria,5902 North Navarro,Victoria,TX,77904,40
Jeff Hunter Toyota,1440 West Loop 340,Waco,TX,76712,40
Toyota of Wichita Falls,5715 Kell E. Boulevard,Wichita Falls,TX,76310,40
Performance Toyota Bountiful,2380 South Highway 89,Bountiful,UT,84010,41
Karl Malone Toyota,11453 So. Lone Peak Pkwy,Draper,UT,84020,41
Young Toyota,1945 North Main Street,Logan,UT,84341,41
Larry H. Miller Toyota Murray,5650 South State Street,Murray,UT,84107,41
Brent Brown Toyota,1400 South Sandhill Road,Orem,UT,84058,41
Tony Divino Toyota,777 West Riverdale Road,Riverdale,UT,84405,41
Mark Miller Toyota,730 South West Temple,Salt Lake City,UT,84101,41
Stephen Wade Toyota,150 Auto Mall Drive,St. George,UT,84770,41
Alexandria Toyota,3750 Richmond Highway,Alexandria,VA,22305,41
Koons Toyota Arlington,4045 Cherry Hill Road,Arlington,VA,22207,41
Ourisman Chantilly Toyota,4135 Auto Park Circle,Chantilly,VA,20151,41
Flow Toyota of Charlottesville,1357 Richmond Road,Charlottesville,VA,22911,41
First Team Toyota,3400 Western Branch Boulevard,Chesapeake,VA,23321,41
Priority Toyota Chesapeake,1800 Greenbrier Parkway,Chesapeake,VA,23320,41
Loyalty Toyota,2000 Walthall Center Dr.,Chester,VA,23831,41
Shelor Toyota,2230 Roanoke Street,Christiansburg,VA,24073,41
Battlefield Toyota,11013 James Monroe Hwy.,Culpeper,VA,22701,41
Danville Toyota,125 Piedmont Place,Danville,VA,24541,41
Ourisman Fairfax Toyota,10287 Fairfax Boulevard,Fairfax,VA,22030,41
Bill Page Toyota,2923 Annandale Road,Falls Church,VA,22042,41
Haley Toyota of Farmville,1906 S. Main Street,Farmville,VA,23901,41
Sheehy Toyota of Fredericksburg,11295 Patriot Highway,Fredericksburg,VA,22408,41
Gloucester Toyota,6357 George Washington Highway,Gloucester,VA,23061,41
Classic Toyota of Hampton,2301 West Mercury Boulevard,Hampton,VA,23666,41
Steven Toyota,2970 South Main St.,Harrisonburg,VA,22801,41
AutoNation Toyota Leesburg,"1 Cardinal Park Drive, S.E.",Leesburg,VA,20175,41
Berglund Toyota,19018 Forest Road,Lynchburg,VA,24502,41
Miller Toyota,8566 Sudley Road,Manassas,VA,20110,41
Mechanicsville Toyota,6546 Mechanicsville Pike,Mechanicsville,VA,23111,42
Haley Toyota of Richmond,3600 Lonas Parkway,Midlothian,VA,23112,42
Pearson Toyota,12978 Jefferson Avenue,Newport News,VA,23608,42
Ourisman Toyota of Richmond,9319 West Broad Street,Richmond,VA,23294,42
Haley Toyota,"1530 Courtland Road, N.E.",Roanoke,VA,24012,42
Priority Toyota Springfield,7601 Loisdale Road,Springfield,VA,22150,42
Sheehy Toyota of Stafford,95 Garrisonville Road,Stafford,VA,22554,42
Nelson Toyota,980 Fairystone Park Highway,Stanleytown,VA,24168,42
McDonough Toyota,918 Richmond Road,Staunton,VA,24401,42
Koons Toyota Tysons,8610 Leesburg Pike,Vienna,VA,22182,42
Checkered Flag Toyota,5301 Virginia Beach Boulevard,Virginia Beach,VA,23462,42
Hall Toyota Virginia Beach,1877 Laskin Road,Virginia Beach,VA,23454,42
Warrenton Toyota,6449 Lee Highway,Warrenton,VA,20187,42
Casey Toyota,601 East Rochambeau Drive,Williamsburg,VA,23188,42
Malloy Toyota,400 Weems Lane,Winchester,VA,22601,42
Toyota of Woodbridge,14227 Richmond Highway,Woodbridge,VA,22191,42
Coggins Toyota of Bennington,751 North Bennington Road,Bennington,VT,05201,42
802 Toyota,30 Berlin Mall Road,Berlin,VT,05602,42
Alderman's Toyota,33 Seward Road,Rutland,VT,05701,42
Heritage Toyota,1620 Shelburne Road South,Burlington,VT,05403,42
Handy Toyota,701 Highgate Road,St. Albans,VT,05478,42
Faith's Toyota Ford,6896 Route 5 South,Westminster,VT,05158,42
White River Toyota,303 Sykes Mountain Avenue,White River Junction,VT,05001,42
Five Star Toyota,212 South Boone Street,Aberdeen,WA,98520,42
Doxon Toyota,3405 N. Auburn Way,Auburn,WA,98002,42
Michael's Toyota of Bellevue,3080 148th Ave.SE Ste. A,Bellevue,WA,98007,42
Toyota of Bellingham,1100 Iowa Street,Bellingham,WA,98229,42
Heartland Toyota,901 West Hills Blvd.,Bremerton,WA,98312,42
Burien Toyota,15025 First Avenue South,Burien,WA,98148,43
Foothills Toyota,1881 Bouslog Road,Burlington,WA,98233,43
I-5 Toyota,1950 NW Louisiana Avenue,Chehalis,WA,98532,43
Colville Toyota,160 W. Third Avenue,Colville,WA,99114,43
Town Toyota,"500 3rd Street, S.E. East",Wenatchee,WA,98802,43
Swickard Toyota,21300 Highway 99 South,Edmonds,WA,98026,43
Rodland Toyota,6816 Evergreen Way,Everett,WA,98203,43
Dick Hannah Toyota,2632 Coweeman Park Drive,Kelso,WA,98626,43
Toyota of Tri-Cities,6321 W. Canal Drive,Kennewick,WA,99336,43
Toyota of Kirkland,13210 NE 124th St,Kirkland,WA,98034,43
Marysville Toyota,16120 Smokey Point Blvd.,Marysville,WA,98271,43
Bud Clary Toyota of Moses Lake,12056 N. Frontage Rd East,Moses Lake,WA,98837,43
Wilder Toyota,43 Jetta Way,Port Angeles,WA,98362,43
Toyota of Pullman,8683 SR-270,Pullman,WA,99163,43
Toyota of Puyallup,1400 River Road,Puyallup,WA,98371,43
Toyota of Renton,150 SW 7th Street,Renton,WA,98057,43
Toyota of Lake City,"13355 Lake City Way, N.E.",Seattle,WA,98125,43
Toyota of Seattle,1925 Airport Way South,Seattle,WA,98134,43
Findlay Toyota Spokane,1128 West Third Avenue,Spokane,WA,99201,43
AutoNation Toyota Spokane Valley,8600 East Sprague Avenue,Spokane Valley,WA,99212,43
Titus-Will Toyota,3506 S Sprague Avenue,Tacoma,WA,98409,43
Toyota of Tacoma,7815 South Tacoma Way,Tacoma,WA,98409,43
Toyota of Olympia,6969 Tyee Drive SW,Tumwater,WA,98512,43
Bud Clary Toyota of Yakima,2230 Longfibre Road,Union Gap,WA,98903,43
Vancouver Toyota,10455 NE 53rd Street,Vancouver,WA,98662,43
Walla Walla Toyota,606 N. Wilbur Avenue,Walla Walla,WA,99362,43
Kolosso Toyota,3000 W. Wisconsin Avenue,Appleton,WI,54914,43
Marthaler Toyota of Ashland,2301 Lakeshore Drive East,Ashland,WI,54806,43
Toyota of Brookfield,20655 West Capitol Drive,Brookfield,WI,53045,44
Markquart Toyota,1844 Commercial Blvd.,Chippewa Falls,WI,54729,44
Andrew Toyota,1620 W. Silver Spring Dr.,Glendale,WI,53209,44
Le Mieux & Son Toyota,2550 South Oneida Street,Green Bay,WI,54304,44
Hesser Toyota,1811 Humes Road,Janesville,WI,53545,44
Kenosha Toyota,8180 120th Avenue,Kenosha,WI,53142,44
LeadCar Toyota La Crosse,800 Third Street South,La Crosse,WI,54601,44
East Madison Toyota,3501 Lancaster Drive,Madison,WI,53718,44
Smart Motors Toyota,5901 Odana Road,Madison,WI,53719,44
Don Jacobs Toyota,5727 S. 27th Street,Milwaukee,WI,53221,44
Heiser Toyota,11301 West Metro Auto Mall,Milwaukee,WI,53224,44
Ruda Chevrolet/Toyota,104 Eighth Street,Monroe,WI,53566,44
Zeigler Toyota of Racine,13350 Kilbourn Drive,Mount Pleasant,WI,53177,44
Bergstrom Toyota,3245 S. Washburn Street,Oshkosh,WI,54904,44
Mark Toyota of Plover,1765 Park Avenue,Plover,WI,54467,44
Rhinelander Toyota,1955 North Stevens Street,Rhinelander,WI,54501,44
International Toyota,4120 N. Frontage Road,Sheboygan,WI,53081,44
Kari Toyota,1002 Tower Avenue,Superior,WI,54880,44
LeadCar Toyota Wausau,2900 N. 20th Avenue,Wausau,WI,54401,44
Wilde Toyota,3225 South 108th Street West,Allis,WI,53227,44
Russ Darrow Toyota,2700 W. Washington St. West,Bend,WI,53095,44
Advantage Toyota,1 Superior Way,Barboursville,WV,25504,44
L & S Toyota of Beckley,248 Auto Plaza,Beckley,WV,25801,44
Buckhannon Toyota,63 Brushy Fork Road,Buckhannon,WV,26201,44
Thornhill Toyota,63 Admiral Road,Chapmanville,WV,25508,44
Ball Toyota of Charleston,1905 Patrick Street Plaza,Charleston,WV,25387,44
CMA's Toyota of Martinsburg,650 Foxcroft Avenue,Martinsburg,WV,25401,44
University Toyota,60 Don Knotts Blvd.,Morgantown,WV,26506,44
Superior Toyota,3101 E 7th Street,Parkersburg,WV,26101,45
Ramey Toyota,135 Frazier Drive,Princeton,WV,24740,45
Moses Toyota,1433 MacCorkle Avenue,Saint Albans,WV,25177,45
Victory Toyota Highlands,55 Robinson Drive,Triadelphia,WV,26059,45
Dan Cava's Toyota World,2510 White Hall Boulevard,White Hall,WV,26554,45
Vista Toyota,6280 E. 2nd Street,Casper,WY,82609,45
Ken Garff Toyota Cheyenne,2300 Westland Road,Cheyenne,WY,82001,45
Fremont Toyota,103 Fremont Way,Lander,WY,82520,45
Toyota of Laramie,2310 East Grand Avenue,Laramie,WY,82070,45
Yellowstone Toyota,1105 W. Coulter Avenue,Powell,WY,82435,45
Rock Springs Toyota,401 N. Center Street,Rock Springs,WY,82901,45
Fremont Toyota of Sheridan,1614 Coffeen Avenue,Sheridan,WY,82801,45
